Triangle,Class,Latitude,Longitude,Encryption Time (s),Computation Time (s),Decryption Time (s),Denominator Time (s),Ground Truth Time (s),Total CKKS Time (s)
T1 (Default),INSIDE,19.166562494750636,72.95220947518894,0.014449,0.004042,0.00169,1e-06,1e-06,0.020182
T1 (Default),INSIDE,19.175341580780376,72.9502358611468,0.024332,0.003041,0.001548,2e-06,4e-06,0.028922
T1 (Default),INSIDE,19.179970332593694,72.95931468091571,0.020514,0.002792,0.001465,0.0,1e-06,0.024772
T1 (Default),INSIDE,19.165776111386922,72.95018402891597,0.031695,0.002855,0.001459,1e-06,3e-06,0.036011
T1 (Default),INSIDE,19.173167293317846,72.96059622809862,0.032969,0.002766,0.001422,1e-06,4e-06,0.037158
T1 (Default),INSIDE,19.179040758755235,72.9691670597394,0.029361,0.002803,0.001419,1e-06,4e-06,0.033584
T1 (Default),INSIDE,19.17930663295885,72.96824030982965,0.0335,0.002761,0.001444,0.0,2e-06,0.037705
T1 (Default),INSIDE,19.17940363121346,72.94391744317697,0.032593,0.002802,0.001416,0.0,2e-06,0.036812
T1 (Default),INSIDE,19.1643044800179,72.9536059695259,0.029682,0.002795,0.001429,1e-06,2e-06,0.033907
T1 (Default),INSIDE,19.169457904038946,72.95002952144056,0.032567,0.002823,0.00142,0.0,3e-06,0.036811
T1 (Default),INSIDE,19.178329120812613,72.96331161877342,0.030951,0.002787,0.001422,1e-06,3e-06,0.035161
T1 (Default),INSIDE,19.168590585568978,72.95772430809086,0.02992,0.002764,0.001413,1e-06,3e-06,0.034098
T1 (Default),INSIDE,19.163311691877922,72.95151245529836,0.030922,0.002906,0.001451,1e-06,3e-06,0.03528
T1 (Default),INSIDE,19.166852935171402,72.95582420274769,0.02914,0.00281,0.001435,0.0,2e-06,0.033385
T1 (Default),INSIDE,19.17856371898615,72.95388453079565,0.029865,0.002751,0.00162,0.0,3e-06,0.034236
T1 (Default),INSIDE,19.178834214118275,72.94467764826612,0.027027,0.002755,0.001461,1e-06,2e-06,0.031244
T1 (Default),INSIDE,19.166008401229956,72.95481868019756,0.031675,0.002779,0.001537,0.0,3e-06,0.035991
T1 (Default),INSIDE,19.178810500759248,72.95279124635518,0.029888,0.002878,0.001457,0.0,3e-06,0.034223
T1 (Default),INSIDE,19.168017581376787,72.956983487474,0.031227,0.002809,0.001417,1e-06,3e-06,0.035455
T1 (Default),INSIDE,19.169209081764482,72.95504091535955,0.028374,0.002807,0.001455,1e-06,2e-06,0.032637
T1 (Default),INSIDE,19.172815438383513,72.96085702268553,0.027716,0.002798,0.001459,1e-06,3e-06,0.031973
T1 (Default),INSIDE,19.17650107602151,72.96052810776838,0.030105,0.002862,0.001445,1e-06,2e-06,0.034412
T1 (Default),INSIDE,19.177229656220227,72.9451553311748,0.020333,0.002788,0.001463,1e-06,2e-06,0.024585
T1 (Default),INSIDE,19.16822992564425,72.95494624489737,0.026215,0.002782,0.001457,1e-06,4e-06,0.030455
T1 (Default),INSIDE,19.1803242365917,72.96502992079299,0.032475,0.002768,0.001436,0.0,4e-06,0.03668
T1 (Default),INSIDE,19.175074783954148,72.96120333396419,0.023997,0.002853,0.001602,1e-06,3e-06,0.028453
T1 (Default),INSIDE,19.16889036528929,72.95096547232644,0.021217,0.002819,0.00242,1e-06,1e-06,0.026457
T1 (Default),INSIDE,19.167339553378152,72.95453430191202,0.030097,0.002773,0.001451,1e-06,3e-06,0.034322
T1 (Default),INSIDE,19.180201585347607,72.95389456864949,0.029167,0.002809,0.001494,1e-06,2e-06,0.033471
T1 (Default),INSIDE,19.178770919007373,72.94559247365665,0.033097,0.002848,0.001452,0.0,3e-06,0.037398
T1 (Default),ON_BOUNDARY,19.180587801659428,72.94872325042394,0.032958,0.002783,0.001465,1e-06,3e-06,0.037206
T1 (Default),ON_BOUNDARY,19.173423308220286,72.94486101085249,0.027101,0.002832,0.001605,0.0,4e-06,0.031539
T1 (Default),ON_BOUNDARY,19.1753327589168,72.96713162875919,0.019074,0.00289,0.001463,1e-06,1e-06,0.023428
T1 (Default),ON_BOUNDARY,19.177092294465172,72.96928553648043,0.022664,0.002768,0.001468,1e-06,3e-06,0.026901
T1 (Default),ON_BOUNDARY,19.16913310746493,72.95957213866492,0.031783,0.002787,0.00144,0.0,3e-06,0.036011
T1 (Default),ON_BOUNDARY,19.165237152113278,72.95482463406043,0.022526,0.002811,0.001453,1e-06,3e-06,0.026791
T1 (Default),ON_BOUNDARY,19.180599085615775,72.94990056244829,0.031731,0.002825,0.001453,0.0,3e-06,0.036009
T1 (Default),ON_BOUNDARY,19.180834270440723,72.97280476241588,0.029545,0.002842,0.001455,0.0,4e-06,0.033843
T1 (Default),ON_BOUNDARY,19.168293277678526,72.95855269855086,0.029856,0.002766,0.001468,1e-06,2e-06,0.034091
T1 (Default),ON_BOUNDARY,19.180725239661506,72.97369724788722,0.03401,0.002837,0.001477,0.0,3e-06,0.038325
T1 (Default),ON_BOUNDARY,19.17193576449836,72.94556680861454,0.033106,0.002914,0.001471,1e-06,3e-06,0.037491
T1 (Default),ON_BOUNDARY,19.173232795205355,72.9645817922272,0.030868,0.002872,0.001462,0.0,4e-06,0.035202
T1 (Default),ON_BOUNDARY,19.169004239177326,72.95940624586405,0.028105,0.003968,0.001564,1e-06,3e-06,0.033638
T1 (Default),ON_BOUNDARY,19.180563435651624,72.9462832459762,0.021545,0.002816,0.001476,1e-06,3e-06,0.025838
T1 (Default),ON_BOUNDARY,19.179520397765764,72.94189943896383,0.030678,0.002812,0.001739,0.0,3e-06,0.035229
T1 (Default),ON_BOUNDARY,19.180517942366933,72.94161196548762,0.026395,0.003105,0.001481,1e-06,5e-06,0.030982
T1 (Default),ON_BOUNDARY,19.170680140978124,72.96144395213464,0.031088,0.002814,0.001473,0.0,3e-06,0.035375
T1 (Default),ON_BOUNDARY,19.178396545601014,72.9708619377329,0.030744,0.002824,0.001469,1e-06,2e-06,0.035037
T1 (Default),ON_BOUNDARY,19.18057300023653,72.94763570364728,0.028563,0.002778,0.001505,1e-06,3e-06,0.032847
T1 (Default),ON_BOUNDARY,19.177143590906557,72.96932537681542,0.032912,0.00281,0.001538,1e-06,3e-06,0.037261
T1 (Default),ON_BOUNDARY,19.180547139426768,72.94455830571574,0.018002,0.003246,0.001457,0.0,1e-06,0.022706
T1 (Default),ON_BOUNDARY,19.180583900087,72.94888056318301,0.028048,0.002794,0.00146,1e-06,3e-06,0.032303
T1 (Default),ON_BOUNDARY,19.180818874848,72.97121196042005,0.032527,0.0028,0.001497,1e-06,5e-06,0.036825
T1 (Default),ON_BOUNDARY,19.173308480369236,72.96465506898318,0.028108,0.00282,0.001501,1e-06,3e-06,0.03243
T1 (Default),ON_BOUNDARY,19.174366685950776,72.96594786952025,0.029125,0.002841,0.001551,1e-06,3e-06,0.033518
T1 (Default),ON_BOUNDARY,19.180816387350255,72.97132931618562,0.025512,0.002782,0.00147,1e-06,2e-06,0.029765
T1 (Default),ON_BOUNDARY,19.17130476159136,72.94586355033645,0.026033,0.002775,0.001461,1e-06,2e-06,0.03027
T1 (Default),ON_BOUNDARY,19.172980529250328,72.96426925935516,0.029443,0.002773,0.001553,0.0,3e-06,0.033769
T1 (Default),ON_BOUNDARY,19.165313994103144,72.95490864557175,0.027729,0.002794,0.001451,0.0,2e-06,0.031975
T1 (Default),ON_BOUNDARY,19.180725502619552,72.97369201400608,0.02907,0.002784,0.001552,0.0,3e-06,0.033407
T1 (Default),OUTSIDE,19.168529271520235,72.96296136188246,0.032341,0.002788,0.001493,0.0,5e-06,0.036622
T1 (Default),OUTSIDE,19.17545764046396,72.94111772720359,0.030201,0.002789,0.001446,0.0,3e-06,0.034436
T1 (Default),OUTSIDE,19.173255420275563,72.94433615724795,0.027684,0.002868,0.001454,0.0,2e-06,0.032006
T1 (Default),OUTSIDE,19.18100711723432,72.96252033611972,0.027797,0.002784,0.00148,1e-06,3e-06,0.032062
T1 (Default),OUTSIDE,19.153276208258454,72.95306239972751,0.024966,0.002828,0.001466,1e-06,2e-06,0.029261
T1 (Default),OUTSIDE,19.151798742795755,72.9666451848349,0.027896,0.002798,0.001484,1e-06,3e-06,0.032179
T1 (Default),OUTSIDE,19.171464038692065,72.97306919162568,0.032674,0.002868,0.001451,1e-06,3e-06,0.036994
T1 (Default),OUTSIDE,19.15760247523964,72.94391924114578,0.030437,0.002897,0.00148,1e-06,3e-06,0.034815
T1 (Default),OUTSIDE,19.182115235101655,72.97639824007818,0.017924,0.002782,0.001465,1e-06,3e-06,0.022171
T1 (Default),OUTSIDE,19.186912269147765,72.98303984466078,0.031077,0.002897,0.001466,1e-06,2e-06,0.035441
T1 (Default),OUTSIDE,19.185194960587754,72.94359470323721,0.029826,0.002921,0.001513,1e-06,3e-06,0.03426
T1 (Default),OUTSIDE,19.15417012418628,72.96106147510734,0.02564,0.00293,0.001463,1e-06,3e-06,0.030034
T1 (Default),OUTSIDE,19.176376863326045,72.98074277265339,0.015251,0.002813,0.001457,0.0,1e-06,0.019522
T1 (Default),OUTSIDE,19.153294808741947,72.94790534474465,0.030753,0.002822,0.001498,1e-06,2e-06,0.035074
T1 (Default),OUTSIDE,19.185491464409854,72.97119206921509,0.032012,0.002817,0.001456,0.0,3e-06,0.036286
T1 (Default),OUTSIDE,19.1576348698954,72.93873486030627,0.032323,0.002787,0.001479,0.0,2e-06,0.03659
T1 (Default),OUTSIDE,19.152988258213693,72.95528568988573,0.032145,0.002805,0.001462,1e-06,2e-06,0.036414
T1 (Default),OUTSIDE,19.189335467554017,72.96475800139095,0.031598,0.002794,0.001462,1e-06,2e-06,0.035855
T1 (Default),OUTSIDE,19.186839999874618,72.95835496344696,0.030651,0.002785,0.001633,1e-06,3e-06,0.035071
T1 (Default),OUTSIDE,19.170413745421172,72.96660074945623,0.024924,0.002798,0.001456,0.0,2e-06,0.029178
T1 (Default),OUTSIDE,19.164268978709373,72.95903416049627,0.030471,0.002768,0.001468,1e-06,3e-06,0.034708
T1 (Default),OUTSIDE,19.183709295322828,72.94823584997312,0.02976,0.002766,0.001463,1e-06,4e-06,0.03399
T1 (Default),OUTSIDE,19.154954336500612,72.95120967868331,0.030793,0.002768,0.001493,0.0,2e-06,0.035055
T1 (Default),OUTSIDE,19.154043868881004,72.97469145534795,0.032944,0.002816,0.001465,1e-06,2e-06,0.037226
T1 (Default),OUTSIDE,19.182448581839434,72.93224906440228,0.028981,0.002806,0.001448,0.0,4e-06,0.033235
T1 (Default),OUTSIDE,19.174621697632794,72.97402808535664,0.025855,0.002804,0.001467,0.0,2e-06,0.030127
T1 (Default),OUTSIDE,19.15760328603458,72.94039847366572,0.030249,0.002903,0.001454,1e-06,2e-06,0.034607
T1 (Default),OUTSIDE,19.1600960395733,72.98022700559724,0.032199,0.002908,0.001476,0.0,2e-06,0.036584
T1 (Default),OUTSIDE,19.17029817356933,72.98125507969878,0.031588,0.003028,0.001524,1e-06,3e-06,0.036141
T1 (Default),OUTSIDE,19.165842621467334,72.94795312700012,0.030094,0.002827,0.00148,1e-06,2e-06,0.034403
T2 (Scaled ×1.5),INSIDE,19.16156846365251,72.948799472018,0.013513,0.002808,0.001463,0.0,1e-06,0.017785
T2 (Scaled ×1.5),INSIDE,19.16482453815489,72.95072979213995,0.026548,0.003144,0.001508,1e-06,3e-06,0.031201
T2 (Scaled ×1.5),INSIDE,19.18002762324561,72.94293409326811,0.028736,0.002768,0.001463,0.0,3e-06,0.032967
T2 (Scaled ×1.5),INSIDE,19.175558843121184,72.94648117441966,0.033294,0.003046,0.001524,1e-06,3e-06,0.037865
T2 (Scaled ×1.5),INSIDE,19.16714388363703,72.9578130153985,0.01736,0.002826,0.001466,0.0,2e-06,0.021653
T2 (Scaled ×1.5),INSIDE,19.169230296655666,72.94737638343132,0.025824,0.002941,0.001521,1e-06,3e-06,0.030287
T2 (Scaled ×1.5),INSIDE,19.17028723625222,72.95360125389473,0.023401,0.002787,0.001633,1e-06,3e-06,0.027822
T2 (Scaled ×1.5),INSIDE,19.178765369966893,72.95305399647202,0.021575,0.002779,0.00145,0.0,1e-06,0.025804
T2 (Scaled ×1.5),INSIDE,19.16481285914231,72.95678816296892,0.031188,0.002829,0.001454,1e-06,2e-06,0.035472
T2 (Scaled ×1.5),INSIDE,19.17327272958834,72.95976146296324,0.028788,0.002822,0.001458,0.0,3e-06,0.033068
T2 (Scaled ×1.5),INSIDE,19.177692351958573,72.94383919954579,0.033091,0.002795,0.001451,0.0,3e-06,0.037338
T2 (Scaled ×1.5),INSIDE,19.179651854195946,72.95073566343412,0.027721,0.002774,0.00146,1e-06,2e-06,0.031955
T2 (Scaled ×1.5),INSIDE,19.180406913735347,72.96066215664796,0.032144,0.00287,0.001447,0.0,3e-06,0.036461
T2 (Scaled ×1.5),INSIDE,19.182415214824907,72.93861868939034,0.030474,0.002787,0.001486,0.0,3e-06,0.034747
T2 (Scaled ×1.5),INSIDE,19.162398547326667,72.95563928607986,0.030531,0.002787,0.001455,0.0,3e-06,0.034773
T2 (Scaled ×1.5),INSIDE,19.161264928417225,72.94746111844474,0.03246,0.002818,0.001463,1e-06,3e-06,0.036742
T2 (Scaled ×1.5),INSIDE,19.180985516584382,72.94494901397029,0.031951,0.002804,0.001463,0.0,3e-06,0.036218
T2 (Scaled ×1.5),INSIDE,19.177298242409776,72.96704197015286,0.032279,0.002801,0.001466,0.0,3e-06,0.036547
T2 (Scaled ×1.5),INSIDE,19.179653903615545,72.95066759379942,0.028828,0.002795,0.001477,1e-06,3e-06,0.033101
T2 (Scaled ×1.5),INSIDE,19.160754052667546,72.95367076644524,0.030548,0.002779,0.001459,1e-06,4e-06,0.034787
T2 (Scaled ×1.5),INSIDE,19.180960517060463,72.9432636199097,0.032052,0.002819,0.001474,0.0,4e-06,0.036346
T2 (Scaled ×1.5),INSIDE,19.178276091688517,72.96254217601258,0.027287,0.002761,0.001476,0.0,5e-06,0.031525
T2 (Scaled ×1.5),INSIDE,19.158809931878334,72.94842319327577,0.029484,0.002953,0.001468,1e-06,2e-06,0.033905
T2 (Scaled ×1.5),INSIDE,19.15988446286946,72.94961963220385,0.031809,0.002807,0.001455,1e-06,2e-06,0.036071
T2 (Scaled ×1.5),INSIDE,19.163694851113796,72.94921956033288,0.028092,0.002818,0.001516,0.0,2e-06,0.032427
T2 (Scaled ×1.5),INSIDE,19.167759719414846,72.96171366683275,0.031166,0.002921,0.001472,1e-06,6e-06,0.03556
T2 (Scaled ×1.5),INSIDE,19.16437941796861,72.94492525277097,0.03428,0.002789,0.001521,1e-06,2e-06,0.03859
T2 (Scaled ×1.5),INSIDE,19.164902159776993,72.95748142800453,0.02147,0.002789,0.001455,0.0,3e-06,0.025714
T2 (Scaled ×1.5),INSIDE,19.18134256477302,72.97679187886504,0.031833,0.002778,0.001636,1e-06,3e-06,0.036247
T2 (Scaled ×1.5),INSIDE,19.17491684793412,72.94325240798709,0.031601,0.002784,0.001498,1e-06,3e-06,0.035883
T2 (Scaled ×1.5),ON_BOUNDARY,19.16104392480839,72.94540330822002,0.028637,0.003062,0.001459,0.0,3e-06,0.033158
T2 (Scaled ×1.5),ON_BOUNDARY,19.157209351815588,72.9503583029286,0.029654,0.002823,0.001691,1e-06,3e-06,0.03417
T2 (Scaled ×1.5),ON_BOUNDARY,19.158349319854693,72.95175138834303,0.031953,0.002775,0.001517,0.0,4e-06,0.036246
T2 (Scaled ×1.5),ON_BOUNDARY,19.161849761349682,72.9560370146611,0.031319,0.002903,0.001469,1e-06,3e-06,0.035692
T2 (Scaled ×1.5),ON_BOUNDARY,19.172857245381742,72.96944264886761,0.029636,0.002818,0.001464,1e-06,2e-06,0.033918
T2 (Scaled ×1.5),ON_BOUNDARY,19.180278398675437,72.93610856323133,0.019396,0.002932,0.0015,1e-06,3e-06,0.023829
T2 (Scaled ×1.5),ON_BOUNDARY,19.180581359476964,72.97884863333488,0.013896,0.002866,0.001451,0.0,1e-06,0.018213
T2 (Scaled ×1.5),ON_BOUNDARY,19.18381639088191,72.9565171023766,0.035298,0.00276,0.001447,1e-06,6e-06,0.039505
T2 (Scaled ×1.5),ON_BOUNDARY,19.16587815422207,72.96093149954643,0.029851,0.002884,0.001446,0.0,4e-06,0.034182
T2 (Scaled ×1.5),ON_BOUNDARY,19.166332854062826,72.96149680510858,0.02902,0.002804,0.001459,0.0,2e-06,0.033284
T2 (Scaled ×1.5),ON_BOUNDARY,19.17620672852912,72.93806934863592,0.027968,0.00281,0.001486,0.0,3e-06,0.032265
T2 (Scaled ×1.5),ON_BOUNDARY,19.18393933093332,72.96867571487135,0.027817,0.002805,0.00149,0.0,2e-06,0.032113
T2 (Scaled ×1.5),ON_BOUNDARY,19.168808009786165,72.94164275536892,0.03071,0.002772,0.001481,0.0,4e-06,0.034964
T2 (Scaled ×1.5),ON_BOUNDARY,19.177833510213897,72.9755110790119,0.029841,0.002787,0.001466,1e-06,3e-06,0.034095
T2 (Scaled ×1.5),ON_BOUNDARY,19.17391336777327,72.9391902325909,0.02995,0.002865,0.00146,1e-06,4e-06,0.034275
T2 (Scaled ×1.5),ON_BOUNDARY,19.18400008024172,72.97463054404979,0.030418,0.002877,0.001462,0.0,3e-06,0.034757
T2 (Scaled ×1.5),ON_BOUNDARY,19.183900806549236,72.96455878837858,0.029797,0.002792,0.001465,0.0,2e-06,0.034055
T2 (Scaled ×1.5),ON_BOUNDARY,19.183987150346532,72.97374076344974,0.027478,0.002761,0.001511,1e-06,3e-06,0.031751
T2 (Scaled ×1.5),ON_BOUNDARY,19.183868407756993,72.9612063636346,0.027523,0.002763,0.001465,1e-06,3e-06,0.031752
T2 (Scaled ×1.5),ON_BOUNDARY,19.18378616381462,72.95404696947612,0.032378,0.002862,0.001605,0.0,3e-06,0.036846
T2 (Scaled ×1.5),ON_BOUNDARY,19.166224337239083,72.94289008309882,0.023652,0.003035,0.00146,1e-06,3e-06,0.028148
T2 (Scaled ×1.5),ON_BOUNDARY,19.18372570406698,72.947056097138,0.030086,0.002791,0.001566,1e-06,2e-06,0.034444
T2 (Scaled ×1.5),ON_BOUNDARY,19.163754555573068,72.94408946401629,0.028897,0.002802,0.001462,0.0,3e-06,0.033162
T2 (Scaled ×1.5),ON_BOUNDARY,19.18378071978871,72.95284087689438,0.032951,0.002832,0.001455,1e-06,2e-06,0.037239
T2 (Scaled ×1.5),ON_BOUNDARY,19.183872134824284,72.96169722705906,0.030688,0.002765,0.001511,0.0,2e-06,0.034964
T2 (Scaled ×1.5),ON_BOUNDARY,19.17817055240152,72.97592239037793,0.02363,0.002895,0.001459,0.0,3e-06,0.027985
T2 (Scaled ×1.5),ON_BOUNDARY,19.15554153171898,72.94833227291988,0.031241,0.002798,0.001501,0.0,2e-06,0.035541
T2 (Scaled ×1.5),ON_BOUNDARY,19.184056129097,72.98059917221903,0.020449,0.002765,0.001564,1e-06,2e-06,0.024779
T2 (Scaled ×1.5),ON_BOUNDARY,19.16120579257259,72.945322074233,0.024857,0.002805,0.001488,1e-06,2e-06,0.029151
T2 (Scaled ×1.5),ON_BOUNDARY,19.183763742590795,72.95151401331881,0.032105,0.002817,0.001472,1e-06,2e-06,0.036394
T2 (Scaled ×1.5),OUTSIDE,19.18514580618697,72.93269264777565,0.028188,0.002795,0.001496,1e-06,3e-06,0.032479
T2 (Scaled ×1.5),OUTSIDE,19.16552692959517,72.97104254662489,0.032401,0.002798,0.001479,0.0,2e-06,0.036678
T2 (Scaled ×1.5),OUTSIDE,19.181207601013277,72.98655475043134,0.031743,0.002894,0.001474,0.0,3e-06,0.036112
T2 (Scaled ×1.5),OUTSIDE,19.16238911801948,72.97576015117464,0.03095,0.002846,0.001488,1e-06,2e-06,0.035284
T2 (Scaled ×1.5),OUTSIDE,19.153642925955758,72.9580154620284,0.03029,0.002875,0.001485,1e-06,3e-06,0.034651
T2 (Scaled ×1.5),OUTSIDE,19.155826937564214,72.95718993419433,0.031145,0.002772,0.001495,1e-06,6e-06,0.035413
T2 (Scaled ×1.5),OUTSIDE,19.155866413479558,72.94643730937366,0.020817,0.002765,0.00149,1e-06,1e-06,0.025073
T2 (Scaled ×1.5),OUTSIDE,19.167070644678514,72.9793798328317,0.033317,0.002796,0.001572,1e-06,2e-06,0.037686
T2 (Scaled ×1.5),OUTSIDE,19.16292559302267,72.92748015200945,0.022543,0.003117,0.001504,4e-06,3e-06,0.027168
T2 (Scaled ×1.5),OUTSIDE,19.158237463924245,72.98106319636125,0.022288,0.00305,0.001491,1e-06,3e-06,0.02683
T2 (Scaled ×1.5),OUTSIDE,19.19155457397715,72.99280511107231,0.033566,0.002805,0.001469,0.0,4e-06,0.03784
T2 (Scaled ×1.5),OUTSIDE,19.14911259908798,72.94497638556511,0.032633,0.002908,0.001456,1e-06,3e-06,0.036997
T2 (Scaled ×1.5),OUTSIDE,19.146539146357533,72.9528216557694,0.032659,0.002772,0.001459,0.0,6e-06,0.03689
T2 (Scaled ×1.5),OUTSIDE,19.149746648568325,72.97727236257563,0.031838,0.003312,0.001465,1e-06,3e-06,0.036615
T2 (Scaled ×1.5),OUTSIDE,19.147491899482066,72.97714287154443,0.028552,0.002958,0.00147,0.0,3e-06,0.03298
T2 (Scaled ×1.5),OUTSIDE,19.187745497998538,72.97112843822798,0.031276,0.00278,0.00148,1e-06,3e-06,0.035538
T2 (Scaled ×1.5),OUTSIDE,19.15425600021112,72.97970086104063,0.033192,0.002792,0.001581,1e-06,3e-06,0.037566
T2 (Scaled ×1.5),OUTSIDE,19.191466608255563,72.99041337521622,0.03287,0.002805,0.00147,1e-06,3e-06,0.037145
T2 (Scaled ×1.5),OUTSIDE,19.1590208945097,72.98354183149188,0.032426,0.002787,0.001474,1e-06,3e-06,0.036688
T2 (Scaled ×1.5),OUTSIDE,19.1576583695001,72.94294910107864,0.029766,0.0028,0.001452,0.0,3e-06,0.034019
T2 (Scaled ×1.5),OUTSIDE,19.19293661220963,72.93921018676488,0.031618,0.002796,0.001486,1e-06,3e-06,0.035902
T2 (Scaled ×1.5),OUTSIDE,19.190503485045912,72.95582933746887,0.023655,0.002831,0.001474,1e-06,3e-06,0.027961
T2 (Scaled ×1.5),OUTSIDE,19.148070505607382,72.9521281547677,0.031756,0.002795,0.001449,1e-06,2e-06,0.036
T2 (Scaled ×1.5),OUTSIDE,19.16610978810988,72.989227934598,0.025617,0.002776,0.001462,0.0,2e-06,0.029856
T2 (Scaled ×1.5),OUTSIDE,19.187512123823417,72.99295915104406,0.029514,0.002808,0.001456,1e-06,4e-06,0.033779
T2 (Scaled ×1.5),OUTSIDE,19.15757265702588,72.97464210746165,0.027971,0.002861,0.001459,0.0,4e-06,0.032291
T2 (Scaled ×1.5),OUTSIDE,19.164436107344923,72.9750593761108,0.029402,0.00277,0.00146,1e-06,2e-06,0.033632
T2 (Scaled ×1.5),OUTSIDE,19.160928093329204,72.98062875703259,0.03168,0.002821,0.001475,0.0,3e-06,0.035976
T2 (Scaled ×1.5),OUTSIDE,19.189069853189583,72.92505810597197,0.026578,0.002766,0.001471,0.0,3e-06,0.030816
T2 (Scaled ×1.5),OUTSIDE,19.162505332678123,72.93237522279938,0.031314,0.00281,0.001493,1e-06,3e-06,0.035618
T3 (Scaled ×2.0),INSIDE,19.175825347490527,72.96273606351623,0.013944,0.002761,0.001456,0.0,1e-06,0.018161
T3 (Scaled ×2.0),INSIDE,19.163949217065156,72.96311567924731,0.019656,0.00295,0.001458,0.0,2e-06,0.024065
T3 (Scaled ×2.0),INSIDE,19.158847203646893,72.94713847847771,0.033559,0.003069,0.001487,1e-06,3e-06,0.038115
T3 (Scaled ×2.0),INSIDE,19.16901371776477,72.93796206578544,0.024944,0.0028,0.001495,1e-06,2e-06,0.02924
T3 (Scaled ×2.0),INSIDE,19.185862973103543,72.96454520541884,0.030999,0.00284,0.001463,0.0,4e-06,0.035303
T3 (Scaled ×2.0),INSIDE,19.155537235627072,72.94409730275748,0.031427,0.002776,0.001481,0.0,3e-06,0.035685
T3 (Scaled ×2.0),INSIDE,19.169824592536457,72.95771464263144,0.030136,0.002828,0.0015,1e-06,2e-06,0.034465
T3 (Scaled ×2.0),INSIDE,19.17726634141254,72.97900866978169,0.029466,0.002877,0.001508,1e-06,3e-06,0.033852
T3 (Scaled ×2.0),INSIDE,19.1785859089386,72.9792925756853,0.029776,0.002759,0.001484,0.0,3e-06,0.034019
T3 (Scaled ×2.0),INSIDE,19.172375197977885,72.96540103014986,0.032049,0.00279,0.001479,0.0,3e-06,0.036319
T3 (Scaled ×2.0),INSIDE,19.18671370650895,72.95874278878586,0.03099,0.002828,0.001443,0.0,3e-06,0.035261
T3 (Scaled ×2.0),INSIDE,19.17899932500264,72.9744076064804,0.030678,0.002782,0.001483,0.0,3e-06,0.034943
T3 (Scaled ×2.0),INSIDE,19.182451807826823,72.94174675293563,0.027705,0.002764,0.001488,0.0,2e-06,0.031958
T3 (Scaled ×2.0),INSIDE,19.186313209322222,72.96554719064075,0.027761,0.002999,0.001504,1e-06,3e-06,0.032265
T3 (Scaled ×2.0),INSIDE,19.17118761515445,72.94631146031855,0.029323,0.00281,0.001461,0.0,3e-06,0.033594
T3 (Scaled ×2.0),INSIDE,19.163919657890382,72.96053515830035,0.031612,0.002811,0.001461,1e-06,3e-06,0.035886
T3 (Scaled ×2.0),INSIDE,19.177636237251487,72.96803459191291,0.030206,0.002986,0.001489,1e-06,3e-06,0.034682
T3 (Scaled ×2.0),INSIDE,19.159344605974038,72.94318254642691,0.031534,0.002906,0.001533,0.0,2e-06,0.035973
T3 (Scaled ×2.0),INSIDE,19.171902116230232,72.9405325051668,0.029492,0.002899,0.001473,1e-06,3e-06,0.033866
T3 (Scaled ×2.0),INSIDE,19.1681128624904,72.96475329604387,0.031581,0.002843,0.00146,0.0,3e-06,0.035884
T3 (Scaled ×2.0),INSIDE,19.17787700518326,72.96469300186864,0.028565,0.002799,0.00148,1e-06,3e-06,0.032845
T3 (Scaled ×2.0),INSIDE,19.17020049184455,72.93563264297408,0.031876,0.002859,0.001465,1e-06,3e-06,0.036201
T3 (Scaled ×2.0),INSIDE,19.176666503457742,72.96180416386959,0.027539,0.002859,0.001502,1e-06,3e-06,0.0319
T3 (Scaled ×2.0),INSIDE,19.171437391594125,72.94395796089499,0.030608,0.002774,0.001477,1e-06,2e-06,0.03486
T3 (Scaled ×2.0),INSIDE,19.15402033199642,72.94624545982973,0.028292,0.002793,0.001474,1e-06,2e-06,0.03256
T3 (Scaled ×2.0),INSIDE,19.181067671060386,72.9834824027151,0.031124,0.002808,0.001448,1e-06,3e-06,0.035381
T3 (Scaled ×2.0),INSIDE,19.17145086014097,72.93872318049385,0.02306,0.002887,0.001461,1e-06,3e-06,0.027408
T3 (Scaled ×2.0),INSIDE,19.18152209400099,72.95561850366005,0.026781,0.002812,0.001474,1e-06,2e-06,0.031068
T3 (Scaled ×2.0),INSIDE,19.15540258390789,72.9512223724618,0.029657,0.002826,0.001453,0.0,3e-06,0.033936
T3 (Scaled ×2.0),INSIDE,19.17404955029124,72.96723538220398,0.030801,0.002816,0.001456,0.0,3e-06,0.035074
T3 (Scaled ×2.0),ON_BOUNDARY,19.173477815244222,72.93396367637585,0.032338,0.002819,0.001461,1e-06,2e-06,0.036618
T3 (Scaled ×2.0),ON_BOUNDARY,19.185238649591998,72.98986962598619,0.030891,0.002791,0.001477,1e-06,3e-06,0.03516
T3 (Scaled ×2.0),ON_BOUNDARY,19.17154460235375,72.93489160504855,0.020878,0.002796,0.001459,0.0,1e-06,0.025134
T3 (Scaled ×2.0),ON_BOUNDARY,19.186985855647265,72.95794112936414,0.030773,0.002819,0.001484,0.0,2e-06,0.035077
T3 (Scaled ×2.0),ON_BOUNDARY,19.158181324403895,72.95690413105001,0.030365,0.00277,0.001456,1e-06,2e-06,0.034593
T3 (Scaled ×2.0),ON_BOUNDARY,19.1798813794127,72.9308743656089,0.028438,0.002836,0.001472,0.0,3e-06,0.032746
T3 (Scaled ×2.0),ON_BOUNDARY,19.171624665065217,72.97326251257194,0.030557,0.002803,0.001458,0.0,2e-06,0.034818
T3 (Scaled ×2.0),ON_BOUNDARY,19.175962143392603,72.93276636666434,0.026414,0.002774,0.001455,1e-06,2e-06,0.030644
T3 (Scaled ×2.0),ON_BOUNDARY,19.18704686889338,72.96465700664375,0.027095,0.002781,0.001463,1e-06,3e-06,0.03134
T3 (Scaled ×2.0),ON_BOUNDARY,19.164977134614766,72.93806298613298,0.03229,0.002855,0.001447,0.0,2e-06,0.036592
T3 (Scaled ×2.0),ON_BOUNDARY,19.18094359522174,72.9303576328184,0.029353,0.002767,0.001445,1e-06,3e-06,0.033566
T3 (Scaled ×2.0),ON_BOUNDARY,19.161516909314138,72.96094451822503,0.02854,0.002786,0.00145,1e-06,3e-06,0.032777
T3 (Scaled ×2.0),ON_BOUNDARY,19.1867093641942,72.9309261737302,0.028592,0.00277,0.00147,1e-06,3e-06,0.032833
T3 (Scaled ×2.0),ON_BOUNDARY,19.17749372177916,72.98043525893245,0.031833,0.002813,0.001455,1e-06,3e-06,0.036102
T3 (Scaled ×2.0),ON_BOUNDARY,19.184743288103114,72.9892729325888,0.027352,0.002802,0.001455,1e-06,3e-06,0.03161
T3 (Scaled ×2.0),ON_BOUNDARY,19.187086160211226,72.96761540421498,0.030662,0.002779,0.001456,1e-06,2e-06,0.034897
T3 (Scaled ×2.0),ON_BOUNDARY,19.173919558688315,72.976067485474,0.027657,0.002782,0.001446,0.0,3e-06,0.031886
T3 (Scaled ×2.0),ON_BOUNDARY,19.18696888050099,72.95755507005163,0.032064,0.002798,0.001457,1e-06,3e-06,0.036319
T3 (Scaled ×2.0),ON_BOUNDARY,19.186713183360997,72.93137858568946,0.030968,0.002785,0.001466,0.0,2e-06,0.035219
T3 (Scaled ×2.0),ON_BOUNDARY,19.185056464128735,72.9896606081542,0.032729,0.002784,0.001456,1e-06,3e-06,0.03697
T3 (Scaled ×2.0),ON_BOUNDARY,19.152559614626618,72.9440580243459,0.032158,0.00284,0.001457,1e-06,3e-06,0.036456
T3 (Scaled ×2.0),ON_BOUNDARY,19.155228822825343,72.95328844029014,0.031249,0.00281,0.001446,1e-06,3e-06,0.035506
T3 (Scaled ×2.0),ON_BOUNDARY,19.18677857193415,72.93794779951357,0.029545,0.002817,0.001484,1e-06,2e-06,0.033847
T3 (Scaled ×2.0),ON_BOUNDARY,19.18715406492794,72.97447476346917,0.028848,0.002826,0.001693,1e-06,2e-06,0.033367
T3 (Scaled ×2.0),ON_BOUNDARY,19.17204169304059,72.93466818107068,0.030487,0.002817,0.001456,0.0,3e-06,0.03476
T3 (Scaled ×2.0),ON_BOUNDARY,19.150598218087637,72.945021972487,0.024776,0.002934,0.001491,1e-06,3e-06,0.029201
T3 (Scaled ×2.0),ON_BOUNDARY,19.149896548556935,72.94678451883887,0.031536,0.002914,0.001551,1e-06,2e-06,0.036002
T3 (Scaled ×2.0),ON_BOUNDARY,19.186365457273073,72.92775007658926,0.016766,0.0028,0.001494,1e-06,3e-06,0.02106
T3 (Scaled ×2.0),ON_BOUNDARY,19.149152147965044,72.9457150747819,0.028981,0.002861,0.001468,1e-06,3e-06,0.033311
T3 (Scaled ×2.0),ON_BOUNDARY,19.16375225987144,72.9386672427501,0.018638,0.002784,0.001455,0.0,1e-06,0.022877
T3 (Scaled ×2.0),OUTSIDE,19.139291469261874,72.96659256741522,0.03283,0.002796,0.001448,1e-06,3e-06,0.037075
T3 (Scaled ×2.0),OUTSIDE,19.152020908986426,72.98265181724048,0.032758,0.002787,0.001443,1e-06,2e-06,0.036989
T3 (Scaled ×2.0),OUTSIDE,19.16103903430736,72.93697010352791,0.031391,0.002806,0.001451,1e-06,3e-06,0.035649
T3 (Scaled ×2.0),OUTSIDE,19.188067777857512,72.96320801575973,0.031851,0.002813,0.001482,1e-06,2e-06,0.036147
T3 (Scaled ×2.0),OUTSIDE,19.143622718719744,72.9707082727012,0.029166,0.002809,0.001472,0.0,2e-06,0.033447
T3 (Scaled ×2.0),OUTSIDE,19.192632813378264,72.94440724321967,0.018294,0.002789,0.001452,0.0,1e-06,0.022535
T3 (Scaled ×2.0),OUTSIDE,19.187138353064434,72.95791240443074,0.029614,0.002834,0.001445,1e-06,3e-06,0.033894
T3 (Scaled ×2.0),OUTSIDE,19.193003675565777,73.00128611378395,0.028738,0.003199,0.001482,0.0,2e-06,0.03342
T3 (Scaled ×2.0),OUTSIDE,19.156111308512752,72.9350087390771,0.02597,0.002798,0.001444,0.0,3e-06,0.030212
T3 (Scaled ×2.0),OUTSIDE,19.168914709712446,72.91977270873835,0.030693,0.002815,0.001458,1e-06,2e-06,0.034966
T3 (Scaled ×2.0),OUTSIDE,19.181605172589347,73.00228698841327,0.031784,0.002787,0.001458,0.0,2e-06,0.03603
T3 (Scaled ×2.0),OUTSIDE,19.190472363895132,72.97201192963514,0.030033,0.002814,0.001454,0.0,2e-06,0.034301
T3 (Scaled ×2.0),OUTSIDE,19.13940679676618,72.9215649418393,0.031967,0.002799,0.001456,1e-06,3e-06,0.036223
T3 (Scaled ×2.0),OUTSIDE,19.147877424102195,72.98543336674122,0.029635,0.00281,0.001455,1e-06,3e-06,0.0339
T3 (Scaled ×2.0),OUTSIDE,19.190548840594566,72.96948212981007,0.028,0.002779,0.001447,1e-06,3e-06,0.032226
T3 (Scaled ×2.0),OUTSIDE,19.18971470753124,72.9835118083581,0.029193,0.002834,0.001459,1e-06,3e-06,0.033487
T3 (Scaled ×2.0),OUTSIDE,19.191174371631018,72.92993079907929,0.027485,0.00278,0.001498,0.0,3e-06,0.031763
T3 (Scaled ×2.0),OUTSIDE,19.16051581364821,72.97879354366745,0.014222,0.002816,0.001464,0.0,1e-06,0.018502
T3 (Scaled ×2.0),OUTSIDE,19.14680463097727,72.97598036517923,0.030429,0.003258,0.00146,1e-06,2e-06,0.035149
T3 (Scaled ×2.0),OUTSIDE,19.16427543417935,72.9783492264667,0.033123,0.002842,0.001447,1e-06,3e-06,0.037412
T3 (Scaled ×2.0),OUTSIDE,19.158135515427702,72.93235060722914,0.029886,0.002803,0.001467,1e-06,3e-06,0.034157
T3 (Scaled ×2.0),OUTSIDE,19.173825346312633,72.92687519351675,0.028078,0.002799,0.001459,0.0,3e-06,0.032337
T3 (Scaled ×2.0),OUTSIDE,19.14991740619561,72.94000621006393,0.024389,0.002765,0.001458,0.0,2e-06,0.028613
T3 (Scaled ×2.0),OUTSIDE,19.179211868074276,72.99112118274789,0.029579,0.002803,0.001449,0.0,2e-06,0.033831
T3 (Scaled ×2.0),OUTSIDE,19.174794055280003,72.93239247702424,0.028377,0.002776,0.001482,0.0,3e-06,0.032636
T3 (Scaled ×2.0),OUTSIDE,19.140099790208577,72.93900481421032,0.033459,0.002821,0.001452,1e-06,3e-06,0.037733
T3 (Scaled ×2.0),OUTSIDE,19.1874794593992,72.93550287965527,0.031181,0.002939,0.001461,0.0,2e-06,0.035581
T3 (Scaled ×2.0),OUTSIDE,19.191821951124997,72.99078150672874,0.027708,0.00279,0.001459,0.0,3e-06,0.031958
T3 (Scaled ×2.0),OUTSIDE,19.15400202325483,72.97466755979596,0.023613,0.002833,0.001475,1e-06,3e-06,0.027922
T3 (Scaled ×2.0),OUTSIDE,19.196521793079473,72.94538442648502,0.028678,0.002773,0.001456,0.0,3e-06,0.032907
