Triangle,Class,Latitude,Longitude,GT_w1,GT_w2,GT_w3,CKKS_w1,CKKS_w2,CKKS_w3,Δw1,Δw2,Δw3,GT_Class,CKKS_Class
T1 (Default),INSIDE,19.169112618207755,72.95687635680477,0.0833854670,0.3053363414,0.6112781916,0.0833854781,0.3053363823,0.6112782736,0.0000000111,0.0000000409,0.0000000820,INSIDE,INSIDE
T1 (Default),INSIDE,19.176331402671824,72.95212995030022,0.5065790697,0.2665961531,0.2268247772,0.5065791376,0.2665961889,0.2268248076,0.0000000679,0.0000000358,0.0000000304,INSIDE,INSIDE
T1 (Default),INSIDE,19.179951122365974,72.96987072728909,0.0901596391,0.8649539997,0.0448863612,0.0901596512,0.8649541157,0.0448863672,0.0000000121,0.0000001160,0.0000000060,INSIDE,INSIDE
T1 (Default),INSIDE,19.17534725307576,72.96072779311123,0.2004834155,0.5159958219,0.2835207627,0.2004834424,0.5159958911,0.2835208007,0.0000000269,0.0000000692,0.0000000380,INSIDE,INSIDE
T1 (Default),INSIDE,19.177934228347954,72.94694470546406,0.7296171901,0.1311457158,0.1392370940,0.7296172880,0.1311457334,0.1392371127,0.0000000979,0.0000000176,0.0000000187,INSIDE,INSIDE
T1 (Default),INSIDE,19.175386326984835,72.9521110353237,0.4711798300,0.2520080660,0.2768121040,0.4711798932,0.2520080998,0.2768121412,0.0000000632,0.0000000338,0.0000000372,INSIDE,INSIDE
T1 (Default),INSIDE,19.180218372842948,72.97269971347387,0.0119526312,0.9557755407,0.0322718280,0.0119526328,0.9557756689,0.0322718324,0.0000000016,0.0000001282,0.0000000044,INSIDE,INSIDE
T1 (Default),INSIDE,19.168412327593224,72.9563273183326,0.0738704286,0.2780995210,0.6480300504,0.0738704385,0.2780995583,0.6480301373,0.0000000099,0.0000000373,0.0000000869,INSIDE,INSIDE
T1 (Default),INSIDE,19.177850184902404,72.95765509854901,0.3917980106,0.4587494422,0.1494525472,0.3917980632,0.4587495037,0.1494525673,0.0000000526,0.0000000615,0.0000000201,INSIDE,INSIDE
T1 (Default),INSIDE,19.17828571956228,72.94262302853889,0.8780222780,0.0036635587,0.1183141633,0.8780223958,0.0036635591,0.1183141792,0.0000001178,0.0000000004,0.0000000159,INSIDE,INSIDE
T1 (Default),INSIDE,19.166526311593643,72.9559794166124,0.0129168256,0.2394642687,0.7476189056,0.0129168274,0.2394643008,0.7476190059,0.0000000018,0.0000000321,0.0000001003,INSIDE,INSIDE
T1 (Default),INSIDE,19.172198358755097,72.95665438853419,0.2078308685,0.3442560146,0.4479131169,0.2078308964,0.3442560607,0.4479131770,0.0000000279,0.0000000461,0.0000000601,INSIDE,INSIDE
T1 (Default),INSIDE,19.176248786152442,72.95526161956585,0.4055919410,0.3615256918,0.2328823671,0.4055919954,0.3615257403,0.2328823984,0.0000000544,0.0000000485,0.0000000313,INSIDE,INSIDE
T1 (Default),INSIDE,19.179257678420775,72.96294121052836,0.2802469491,0.6419139660,0.0778390850,0.2802469867,0.6419140521,0.0778390954,0.0000000376,0.0000000861,0.0000000104,INSIDE,INSIDE
T1 (Default),INSIDE,19.16933203559396,72.95930318777707,0.0159211926,0.3831012519,0.6009775555,0.0159211948,0.3831013032,0.6009776361,0.0000000022,0.0000000513,0.0000000806,INSIDE,INSIDE
T1 (Default),INSIDE,19.178881462174832,72.94997216842513,0.6711042808,0.2381395326,0.0907561867,0.6711043708,0.2381395645,0.0907561988,0.0000000900,0.0000000319,0.0000000121,INSIDE,INSIDE
T1 (Default),INSIDE,19.17415386166768,72.95773427354659,0.2485617255,0.4063958000,0.3450424746,0.2485617588,0.4063958545,0.3450425208,0.0000000333,0.0000000545,0.0000000462,INSIDE,INSIDE
T1 (Default),INSIDE,19.174889901393783,72.94512083608609,0.6706658225,0.0300249359,0.2993092416,0.6706659124,0.0300249399,0.2993092818,0.0000000899,0.0000000040,0.0000000402,INSIDE,INSIDE
T1 (Default),INSIDE,19.169416569914684,72.95430626334318,0.1752564494,0.2309297858,0.5938137647,0.1752564729,0.2309298168,0.5938138444,0.0000000235,0.0000000310,0.0000000797,INSIDE,INSIDE
T1 (Default),INSIDE,19.174667805979215,72.95328733806414,0.4070667018,0.2774755129,0.3154577852,0.4070667564,0.2774755502,0.3154578275,0.0000000546,0.0000000373,0.0000000423,INSIDE,INSIDE
T1 (Default),INSIDE,19.174833335267532,72.95664394393114,0.3085018489,0.3829893150,0.3085088361,0.3085018903,0.3829893664,0.3085088774,0.0000000414,0.0000000514,0.0000000413,INSIDE,INSIDE
T1 (Default),INSIDE,19.17619064131421,72.95618862796107,0.3744156902,0.3891265507,0.2364577590,0.3744157404,0.3891266029,0.2364577908,0.0000000502,0.0000000522,0.0000000318,INSIDE,INSIDE
T1 (Default),INSIDE,19.173687924627473,72.94708382511567,0.5635638382,0.0724811302,0.3639550317,0.5635639138,0.0724811399,0.3639550805,0.0000000756,0.0000000097,0.0000000488,INSIDE,INSIDE
T1 (Default),INSIDE,19.179504535600685,72.95673109877202,0.4836666676,0.4548989333,0.0614343991,0.4836667325,0.4548989943,0.0614344074,0.0000000649,0.0000000610,0.0000000083,INSIDE,INSIDE
T1 (Default),INSIDE,19.17259470548537,72.95237170288632,0.3567259534,0.2186358570,0.4246381897,0.3567260012,0.2186358863,0.4246382466,0.0000000478,0.0000000293,0.0000000569,INSIDE,INSIDE
T1 (Default),INSIDE,19.171355541096027,72.96002367682817,0.0704701124,0.4352141213,0.4943157663,0.0704701219,0.4352141796,0.4943158326,0.0000000095,0.0000000583,0.0000000663,INSIDE,INSIDE
T1 (Default),INSIDE,19.172047398691063,72.95305684986546,0.3144778688,0.2315606050,0.4539615262,0.3144779110,0.2315606360,0.4539615871,0.0000000422,0.0000000310,0.0000000609,INSIDE,INSIDE
T1 (Default),INSIDE,19.164117510340457,72.95088063002156,0.0804837803,0.0472105764,0.8723056433,0.0804837911,0.0472105827,0.8723057602,0.0000000108,0.0000000063,0.0000001169,INSIDE,INSIDE
T1 (Default),INSIDE,19.178706563102104,72.95745941970331,0.4305239212,0.4654340723,0.1040420065,0.4305239789,0.4654341348,0.1040420204,0.0000000577,0.0000000625,0.0000000139,INSIDE,INSIDE
T1 (Default),INSIDE,19.162221131416203,72.9509304652485,0.0067092717,0.0206337521,0.9726569762,0.0067092726,0.0206337548,0.9726571066,0.0000000009,0.0000000027,0.0000001304,INSIDE,INSIDE
T1 (Default),ON_BOUNDARY,19.179704076582787,72.97245657274003,-0.0000363933,0.9406876249,0.0593487684,-0.0000363933,0.9406877511,0.0593487764,0.0000000000,0.0000001262,0.0000000080,ON_BOUNDARY,ON_BOUNDARY
T1 (Default),ON_BOUNDARY,19.17785859288166,72.97020767134579,-0.0000546132,0.8442852746,0.1557693386,-0.0000546133,0.8442853879,0.1557693595,0.0000000001,0.0000001133,0.0000000209,ON_BOUNDARY,ON_BOUNDARY
T1 (Default),ON_BOUNDARY,19.174289604662814,72.965865116219,-0.0002961789,0.6580551614,0.3422410176,-0.0002961790,0.6580552496,0.3422410635,0.0000000001,0.0000000882,0.0000000459,ON_BOUNDARY,ON_BOUNDARY
T1 (Default),ON_BOUNDARY,19.1807711705451,72.96674529517142,0.2190346339,0.7811457200,-0.0001803539,0.2190346633,0.7811458248,-0.0001803540,0.0000000294,0.0000001048,0.0000000001,ON_BOUNDARY,ON_BOUNDARY
T1 (Default),ON_BOUNDARY,19.18058322619271,72.948470378059,0.7828301018,0.2172514095,-0.0000815113,0.7828302068,0.2172514386,-0.0000815113,0.0000001050,0.0000000291,0.0000000000,ON_BOUNDARY,ON_BOUNDARY
T1 (Default),ON_BOUNDARY,19.17144927083822,72.94581039452845,0.5180969174,0.0002020805,0.4817010020,0.5180969869,0.0002020806,0.4817010666,0.0000000695,0.0000000001,0.0000000646,ON_BOUNDARY,ON_BOUNDARY
T1 (Default),ON_BOUNDARY,19.18066754807125,72.95759683644606,0.5009085391,0.4987177874,0.0003736735,0.5009086062,0.4987178543,0.0003736736,0.0000000671,0.0000000669,0.0000000001,ON_BOUNDARY,ON_BOUNDARY
T1 (Default),ON_BOUNDARY,19.167365331068563,72.95742042664695,-0.0001524451,0.2961441254,0.7040083197,-0.0001524451,0.2961441651,0.7040084141,0.0000000000,0.0000000397,0.0000000944,ON_BOUNDARY,ON_BOUNDARY
T1 (Default),ON_BOUNDARY,19.175464033164378,72.94386000225833,0.7319213039,-0.0001779813,0.2682566774,0.7319214020,-0.0001779813,0.2682567134,0.0000000981,0.0000000000,0.0000000360,ON_BOUNDARY,ON_BOUNDARY
T1 (Default),ON_BOUNDARY,19.180540810572545,72.94415312033297,0.9160964393,0.0840666953,-0.0001631347,0.9160965622,0.0840667066,-0.0001631347,0.0000001229,0.0000000113,0.0000000000,ON_BOUNDARY,ON_BOUNDARY
T1 (Default),ON_BOUNDARY,19.18071743867343,72.96181158357965,0.3711295419,0.6288658303,0.0000046279,0.3711295916,0.6288659146,0.0000046279,0.0000000497,0.0000000843,0.0000000000,ON_BOUNDARY,ON_BOUNDARY
T1 (Default),ON_BOUNDARY,19.179128726105567,72.94210291211718,0.9263751884,0.0001885481,0.0734362634,0.9263753127,0.0001885482,0.0734362733,0.0000001243,0.0000000001,0.0000000099,ON_BOUNDARY,ON_BOUNDARY
T1 (Default),ON_BOUNDARY,19.180356621659456,72.97325004055115,0.0000238434,0.9747216909,0.0252544656,0.0000238434,0.9747218217,0.0252544690,0.0000000000,0.0000001308,0.0000000034,ON_BOUNDARY,ON_BOUNDARY
T1 (Default),ON_BOUNDARY,19.17584945032053,72.94368899222623,0.7519414535,0.0002837816,0.2477747649,0.7519415544,0.0002837816,0.2477747981,0.0000001009,0.0000000000,0.0000000332,ON_BOUNDARY,ON_BOUNDARY
T1 (Default),ON_BOUNDARY,19.164347912363215,72.95372663586707,0.0003417813,0.1380085401,0.8616496786,0.0003417813,0.1380085586,0.8616497942,0.0000000000,0.0000000185,0.0000001156,ON_BOUNDARY,ON_BOUNDARY
T1 (Default),ON_BOUNDARY,19.16853207883926,72.95883934957106,-0.0000511753,0.3570032104,0.6430479649,-0.0000511753,0.3570032583,0.6430480512,0.0000000000,0.0000000479,0.0000000863,ON_BOUNDARY,ON_BOUNDARY
T1 (Default),ON_BOUNDARY,19.178475310195694,72.9424148696284,0.8917456210,0.0000822918,0.1081720872,0.8917457406,0.0000822918,0.1081721017,0.0000001196,0.0000000000,0.0000000145,ON_BOUNDARY,ON_BOUNDARY
T1 (Default),ON_BOUNDARY,19.173811648117717,72.94465682406494,0.6441008507,-0.0002031809,0.3561023303,0.6441009370,-0.0002031810,0.3561023780,0.0000000863,0.0000000001,0.0000000477,ON_BOUNDARY,ON_BOUNDARY
T1 (Default),ON_BOUNDARY,19.17161881407459,72.94572838823326,0.5271155057,0.0001970435,0.4726874508,0.5271155764,0.0001970435,0.4726875142,0.0000000707,0.0000000000,0.0000000634,ON_BOUNDARY,ON_BOUNDARY
T1 (Default),ON_BOUNDARY,19.180710514274352,72.96187230950088,0.3689686232,0.6306277154,0.0004036614,0.3689686727,0.6306277999,0.0004036615,0.0000000495,0.0000000845,0.0000000001,ON_BOUNDARY,ON_BOUNDARY
T1 (Default),ON_BOUNDARY,19.180629506546936,72.95249070993286,0.6589876240,0.3413766635,-0.0003642875,0.6589877124,0.3413767093,-0.0003642876,0.0000000884,0.0000000458,0.0000000001,ON_BOUNDARY,ON_BOUNDARY
T1 (Default),ON_BOUNDARY,19.180755806410545,72.9656974598191,0.2511864574,0.7487455145,0.0000680281,0.2511864911,0.7487456149,0.0000680281,0.0000000337,0.0000001004,0.0000000000,ON_BOUNDARY,ON_BOUNDARY
T1 (Default),ON_BOUNDARY,19.174444607523117,72.96605256155075,-0.0002496367,0.6661077947,0.3341418421,-0.0002496368,0.6661078840,0.3341418869,0.0000000001,0.0000000893,0.0000000448,ON_BOUNDARY,ON_BOUNDARY
T1 (Default),ON_BOUNDARY,19.180752855737246,72.9655542684349,0.2555477365,0.7443052671,0.0001469963,0.2555477708,0.7443053670,0.0001469963,0.0000000343,0.0000000999,0.0000000000,ON_BOUNDARY,ON_BOUNDARY
T1 (Default),ON_BOUNDARY,19.180588776087028,72.95001630876848,0.7347428275,0.2647995560,0.0004576165,0.7347429260,0.2647995915,0.0004576166,0.0000000985,0.0000000355,0.0000000001,ON_BOUNDARY,ON_BOUNDARY
T1 (Default),ON_BOUNDARY,19.180772959768433,72.96662307311709,0.2229212842,0.7774195618,-0.0003408460,0.2229213141,0.7774196661,-0.0003408460,0.0000000299,0.0000001043,0.0000000000,ON_BOUNDARY,ON_BOUNDARY
T1 (Default),ON_BOUNDARY,19.1761047759933,72.96808204862201,-0.0004335200,0.7530266721,0.2474068479,-0.0004335200,0.7530267731,0.2474068811,0.0000000000,0.0000001010,0.0000000332,ON_BOUNDARY,ON_BOUNDARY
T1 (Default),ON_BOUNDARY,19.167429256479704,72.95749461568629,-0.0000358954,0.2993694709,0.7006664245,-0.0000358954,0.2993695110,0.7006665185,0.0000000000,0.0000000401,0.0000000940,ON_BOUNDARY,ON_BOUNDARY
T1 (Default),ON_BOUNDARY,19.180731560596634,72.96404982569679,0.3017392186,0.6977975912,0.0004631902,0.3017392591,0.6977976847,0.0004631903,0.0000000405,0.0000000935,0.0000000001,ON_BOUNDARY,ON_BOUNDARY
T1 (Default),ON_BOUNDARY,19.180548868677814,72.94561762150975,0.8706487383,0.1291518240,0.0001994378,0.8706488550,0.1291518413,0.0001994378,0.0000001167,0.0000000173,0.0000000000,ON_BOUNDARY,ON_BOUNDARY
T1 (Default),OUTSIDE,19.152372112720904,72.95841393270275,-0.6021608237,0.1044283079,1.4977325157,-0.6021609044,0.1044283219,1.4977327166,0.0000000807,0.0000000140,0.0000002009,OUTSIDE,OUTSIDE
T1 (Default),OUTSIDE,19.159178013961807,72.96392038199205,-0.5150146387,0.3743698702,1.1406447685,-0.5150147078,0.3743699204,1.1406449215,0.0000000691,0.0000000502,0.0000001530,OUTSIDE,OUTSIDE
T1 (Default),OUTSIDE,19.16659161760464,72.93242825269648,0.7511992702,-0.4826771509,0.7314778807,0.7511993709,-0.4826772156,0.7314779788,0.0000001007,0.0000000647,0.0000000981,OUTSIDE,OUTSIDE
T1 (Default),OUTSIDE,19.168016744485183,72.9779472789853,-0.6166540912,0.9360505717,0.6806035196,-0.6166541739,0.9360506972,0.6806036109,0.0000000827,0.0000001255,0.0000000913,OUTSIDE,OUTSIDE
T1 (Default),OUTSIDE,19.169055785867215,72.9636669975589,-0.1309348961,0.5129922290,0.6179426671,-0.1309349137,0.5129922978,0.6179427500,0.0000000176,0.0000000688,0.0000000829,OUTSIDE,OUTSIDE
T1 (Default),OUTSIDE,19.171856011985,72.96552430184973,-0.0823239170,0.6115216752,0.4708022418,-0.0823239281,0.6115217572,0.4708023049,0.0000000111,0.0000000820,0.0000000631,OUTSIDE,OUTSIDE
T1 (Default),OUTSIDE,19.159386462058087,72.97031496492423,-0.7068588367,0.5737971147,1.1330617219,-0.7068589315,0.5737971917,1.1330618739,0.0000000948,0.0000000770,0.0000001520,OUTSIDE,OUTSIDE
T1 (Default),OUTSIDE,19.190049239152156,72.9635186196597,0.6731694153,0.8195884248,-0.4927578401,0.6731695056,0.8195885347,-0.4927579062,0.0000000903,0.0000001099,0.0000000661,OUTSIDE,OUTSIDE
T1 (Default),OUTSIDE,19.16069504986055,72.93406202074698,0.4756044424,-0.5199095978,1.0443051554,0.4756045062,-0.5199096675,1.0443052954,0.0000000638,0.0000000697,0.0000001400,OUTSIDE,OUTSIDE
T1 (Default),OUTSIDE,19.185943467251647,72.96489635500137,0.4737704110,0.8010368767,-0.2748072877,0.4737704746,0.8010369841,-0.2748073246,0.0000000636,0.0000001074,0.0000000369,OUTSIDE,OUTSIDE
T1 (Default),OUTSIDE,19.152516020425633,72.96363003369777,-0.7596442027,0.2667151452,1.4929290575,-0.7596443046,0.2667151810,1.4929292578,0.0000001019,0.0000000358,0.0000002003,OUTSIDE,OUTSIDE
T1 (Default),OUTSIDE,19.163475704214253,72.96157957580627,-0.2782183682,0.3661960147,0.9120223536,-0.2782184056,0.3661960638,0.9120224759,0.0000000374,0.0000000491,0.0000001223,OUTSIDE,OUTSIDE
T1 (Default),OUTSIDE,19.162314502676324,72.94765237372495,0.1126805468,-0.0786321007,0.9659515540,0.1126805619,-0.0786321113,0.9659516835,0.0000000151,0.0000000106,0.0000001295,OUTSIDE,OUTSIDE
T1 (Default),OUTSIDE,19.174788873663626,72.97106808226114,-0.1438363901,0.8252056511,0.3186307390,-0.1438364094,0.8252057617,0.3186307818,0.0000000193,0.0000001106,0.0000000428,OUTSIDE,OUTSIDE
T1 (Default),OUTSIDE,19.167545569219055,72.97244216141738,-0.4626040735,0.7600392812,0.7025647923,-0.4626041355,0.7600393831,0.7025648865,0.0000000620,0.0000001019,0.0000000942,OUTSIDE,OUTSIDE
T1 (Default),OUTSIDE,19.158343365257156,72.93891390715885,0.2344633468,-0.4057936413,1.1713302946,0.2344633782,-0.4057936958,1.1713304517,0.0000000314,0.0000000545,0.0000001571,OUTSIDE,OUTSIDE
T1 (Default),OUTSIDE,19.183275485379642,72.97103904892471,0.1802561870,0.9500975184,-0.1303537054,0.1802562112,0.9500976458,-0.1303537229,0.0000000242,0.0000001274,0.0000000175,OUTSIDE,OUTSIDE
T1 (Default),OUTSIDE,19.184596110830146,72.97929035021619,-0.0272426723,1.2230170061,-0.1957743338,-0.0272426760,1.2230171701,-0.1957743600,0.0000000037,0.0000001640,0.0000000262,OUTSIDE,OUTSIDE
T1 (Default),OUTSIDE,19.152889016232756,72.95129539537504,-0.3600758351,-0.1064763484,1.4665521835,-0.3600758834,-0.1064763627,1.4665523802,0.0000000483,0.0000000143,0.0000001967,OUTSIDE,OUTSIDE
T1 (Default),OUTSIDE,19.16739005165845,72.97752607532846,-0.6273602625,0.9138295819,0.7135306807,-0.6273603467,0.9138297044,0.7135307764,0.0000000842,0.0000001225,0.0000000957,OUTSIDE,OUTSIDE
T1 (Default),OUTSIDE,19.166490820416243,72.9761332138483,-0.6180882423,0.8577356454,0.7603525969,-0.6180883252,0.8577357605,0.7603526988,0.0000000829,0.0000001151,0.0000001019,OUTSIDE,OUTSIDE
T1 (Default),OUTSIDE,19.15185353217975,72.97702694003097,-1.2034247940,0.6682315860,1.5351932081,-1.2034249554,0.6682316756,1.5351934139,0.0000001614,0.0000000896,0.0000002058,OUTSIDE,OUTSIDE
T1 (Default),OUTSIDE,19.18685141514051,72.94105471598048,1.2532173272,0.0824658942,-0.3356832214,1.2532174953,0.0824659053,-0.3356832665,0.0000001681,0.0000000111,0.0000000451,OUTSIDE,OUTSIDE
T1 (Default),OUTSIDE,19.169201725951993,72.93910799798789,0.6419054696,-0.2388984290,0.5969929594,0.6419055557,-0.2388984610,0.5969930395,0.0000000861,0.0000000320,0.0000000801,OUTSIDE,OUTSIDE
T1 (Default),OUTSIDE,19.169163882262087,72.97963712775673,-0.6257639860,1.0049374524,0.6208265336,-0.6257640699,1.0049375871,0.6208266169,0.0000000839,0.0000001347,0.0000000833,OUTSIDE,OUTSIDE
T1 (Default),OUTSIDE,19.18299560138078,72.93205871832257,1.3874377564,-0.2508935641,-0.1365441923,1.3874379424,-0.2508935977,-0.1365442106,0.0000001860,0.0000000336,0.0000000183,OUTSIDE,OUTSIDE
T1 (Default),OUTSIDE,19.167642316191642,72.97433828633555,-0.5181593147,0.8196913741,0.6984679406,-0.5181593842,0.8196914841,0.6984680342,0.0000000695,0.0000001100,0.0000000936,OUTSIDE,OUTSIDE
T1 (Default),OUTSIDE,19.167151251702638,72.96219762796999,-0.1575563284,0.4396492288,0.7179070996,-0.1575563495,0.4396492878,0.7179071958,0.0000000211,0.0000000590,0.0000000962,OUTSIDE,OUTSIDE
T1 (Default),OUTSIDE,19.15716643528283,72.96221261438974,-0.5382643874,0.2921206066,1.2461437808,-0.5382644596,0.2921206458,1.2461439479,0.0000000722,0.0000000392,0.0000001671,OUTSIDE,OUTSIDE
T1 (Default),OUTSIDE,19.184870060986093,72.93174890496297,1.4684998850,-0.2326239212,-0.2358759639,1.4685000820,-0.2326239524,-0.2358759955,0.0000001970,0.0000000312,0.0000000316,OUTSIDE,OUTSIDE
T2 (Scaled ×1.5),INSIDE,19.181284297859413,72.96266030766849,0.3552446878,0.5533287703,0.0914265420,0.3552447354,0.5533288445,0.0914265542,0.0000000476,0.0000000742,0.0000000122,INSIDE,INSIDE
T2 (Scaled ×1.5),INSIDE,19.17281954445224,72.95710522883235,0.2560453763,0.3559813361,0.3879732876,0.2560454106,0.3559813839,0.3879733396,0.0000000343,0.0000000478,0.0000000520,INSIDE,INSIDE
T2 (Scaled ×1.5),INSIDE,19.179110631104553,72.94482846775209,0.6714665314,0.1668478900,0.1616855786,0.6714666214,0.1668479124,0.1616856003,0.0000000900,0.0000000224,0.0000000217,INSIDE,INSIDE
T2 (Scaled ×1.5),INSIDE,19.166560955612983,72.94955786993748,0.2543516599,0.1396525088,0.6059958313,0.2543516940,0.1396525275,0.6059959125,0.0000000341,0.0000000187,0.0000000812,INSIDE,INSIDE
T2 (Scaled ×1.5),INSIDE,19.183184771399084,72.96741694373705,0.3044211009,0.6694716140,0.0261072851,0.3044211417,0.6694717038,0.0261072886,0.0000000408,0.0000000898,0.0000000035,INSIDE,INSIDE
T2 (Scaled ×1.5),INSIDE,19.178476354899022,72.96616965056292,0.2108634058,0.5974170639,0.1917195303,0.2108634341,0.5974171440,0.1917195560,0.0000000283,0.0000000801,0.0000000257,INSIDE,INSIDE
T2 (Scaled ×1.5),INSIDE,19.158326753568065,72.94973968656154,0.0415158724,0.0620126516,0.8964714760,0.0415158780,0.0620126599,0.8964715962,0.0000000056,0.0000000083,0.0000001202,INSIDE,INSIDE
T2 (Scaled ×1.5),INSIDE,19.179417991304952,72.95915535900922,0.3808652016,0.4631445365,0.1559902619,0.3808652526,0.4631445986,0.1559902829,0.0000000510,0.0000000621,0.0000000210,INSIDE,INSIDE
T2 (Scaled ×1.5),INSIDE,19.17567452572109,72.95724651773733,0.3255844671,0.3870832456,0.2873322873,0.3255845108,0.3870832975,0.2873323258,0.0000000437,0.0000000519,0.0000000385,INSIDE,INSIDE
T2 (Scaled ×1.5),INSIDE,19.17572295811096,72.94483087741229,0.5854105373,0.1334238871,0.2811655755,0.5854106158,0.1334239050,0.2811656132,0.0000000785,0.0000000179,0.0000000377,INSIDE,INSIDE
T2 (Scaled ×1.5),INSIDE,19.168846868092345,72.95602410859547,0.1777054600,0.2945979986,0.5276965414,0.1777054838,0.2945980381,0.5276966122,0.0000000238,0.0000000395,0.0000000708,INSIDE,INSIDE
T2 (Scaled ×1.5),INSIDE,19.176312727612206,72.96715100788924,0.1354935269,0.5961260102,0.2683804630,0.1354935450,0.5961260901,0.2683804990,0.0000000181,0.0000000799,0.0000000360,INSIDE,INSIDE
T2 (Scaled ×1.5),INSIDE,19.181351974967257,72.96535695390817,0.3007963534,0.6091956063,0.0900080403,0.3007963937,0.6091956880,0.0900080524,0.0000000403,0.0000000817,0.0000000121,INSIDE,INSIDE
T2 (Scaled ×1.5),INSIDE,19.176598397676468,72.95440666092553,0.4081889516,0.3380824245,0.2537286239,0.4081890063,0.3380824699,0.2537286579,0.0000000547,0.0000000454,0.0000000340,INSIDE,INSIDE
T2 (Scaled ×1.5),INSIDE,19.181154284123597,72.95625888878008,0.4852744824,0.4210123512,0.0937131664,0.4852745475,0.4210124077,0.0937131790,0.0000000651,0.0000000565,0.0000000126,INSIDE,INSIDE
T2 (Scaled ×1.5),INSIDE,19.182455750094785,72.9736472005325,0.1561472480,0.7897964295,0.0540563224,0.1561472690,0.7897965354,0.0540563297,0.0000000210,0.0000001059,0.0000000073,INSIDE,INSIDE
T2 (Scaled ×1.5),INSIDE,19.181022251503226,72.94782357250622,0.6576156129,0.2470437821,0.0953406050,0.6576157011,0.2470438152,0.0953406177,0.0000000882,0.0000000331,0.0000000127,INSIDE,INSIDE
T2 (Scaled ×1.5),INSIDE,19.16597349325216,72.96104556536315,0.0001682657,0.3689914885,0.6308402458,0.0001682657,0.3689915380,0.6308403304,0.0000000000,0.0000000495,0.0000000846,ON_BOUNDARY,ON_BOUNDARY
T2 (Scaled ×1.5),INSIDE,19.177224181635818,72.9560445758955,0.3899613169,0.3777925141,0.2322461690,0.3899613692,0.3777925648,0.2322462002,0.0000000523,0.0000000507,0.0000000312,INSIDE,INSIDE
T2 (Scaled ×1.5),INSIDE,19.180693656512517,72.95512429874475,0.4972116908,0.3932368045,0.1095515047,0.4972117575,0.3932368572,0.1095515194,0.0000000667,0.0000000527,0.0000000147,INSIDE,INSIDE
T2 (Scaled ×1.5),INSIDE,19.176556056684692,72.95106577236994,0.4766989775,0.2692788239,0.2540221986,0.4766990414,0.2692788600,0.2540222327,0.0000000639,0.0000000361,0.0000000341,INSIDE,INSIDE
T2 (Scaled ×1.5),INSIDE,19.162900459808167,72.94649457819686,0.2252225730,0.0407803870,0.7339970400,0.2252226033,0.0407803924,0.7339971384,0.0000000303,0.0000000054,0.0000000984,INSIDE,INSIDE
T2 (Scaled ×1.5),INSIDE,19.16615198557734,72.95536930934215,0.1229264747,0.2545668789,0.6225066464,0.1229264912,0.2545669131,0.6225067299,0.0000000165,0.0000000342,0.0000000835,INSIDE,INSIDE
T2 (Scaled ×1.5),INSIDE,19.161617937843996,72.95405530825141,0.0351850428,0.1828697967,0.7819451606,0.0351850475,0.1828698212,0.7819452654,0.0000000047,0.0000000245,0.0000001048,INSIDE,INSIDE
T2 (Scaled ×1.5),INSIDE,19.17397567591329,72.94903134929571,0.4535621436,0.2021393254,0.3442985310,0.4535622044,0.2021393525,0.3442985772,0.0000000608,0.0000000271,0.0000000462,INSIDE,INSIDE
T2 (Scaled ×1.5),INSIDE,19.163062007714302,72.95337744371136,0.0859656571,0.1832632079,0.7307711350,0.0859656686,0.1832632325,0.7307712330,0.0000000115,0.0000000246,0.0000000980,INSIDE,INSIDE
T2 (Scaled ×1.5),INSIDE,19.16622306807073,72.9603678142103,0.0206208320,0.3575845104,0.6217946575,0.0206208348,0.3575845584,0.6217947409,0.0000000028,0.0000000480,0.0000000834,INSIDE,INSIDE
T2 (Scaled ×1.5),INSIDE,19.183901361457256,72.96743012306479,0.3223392941,0.6768219531,0.0008387528,0.3223393373,0.6768220439,0.0008387529,0.0000000432,0.0000000908,0.0000000001,ON_BOUNDARY,ON_BOUNDARY
T2 (Scaled ×1.5),INSIDE,19.178054530372734,72.9504636720591,0.5272827501,0.2717606262,0.2009566237,0.5272828208,0.2717606627,0.2009566506,0.0000000707,0.0000000365,0.0000000269,INSIDE,INSIDE
T2 (Scaled ×1.5),INSIDE,19.183333527297265,72.9407031764334,0.8645996118,0.1241326803,0.0112677079,0.8645997277,0.1241326969,0.0112677094,0.0000001159,0.0000000166,0.0000000015,INSIDE,INSIDE
T2 (Scaled ×1.5),ON_BOUNDARY,19.16441982730865,72.94377064251442,0.3205309834,0.0000364197,0.6794325968,0.3205310264,0.0000364197,0.6794326879,0.0000000430,0.0000000000,0.0000000911,ON_BOUNDARY,ON_BOUNDARY
T2 (Scaled ×1.5),ON_BOUNDARY,19.167660085141556,72.96310094770068,0.0001771572,0.4277285493,0.5720942935,0.0001771573,0.4277286066,0.5720943702,0.0000000001,0.0000000573,0.0000000767,ON_BOUNDARY,ON_BOUNDARY
T2 (Scaled ×1.5),ON_BOUNDARY,19.178720605571005,72.97659301148215,-0.0000363045,0.8131880844,0.1868482201,-0.0000363045,0.8131881935,0.1868482452,0.0000000000,0.0000001091,0.0000000251,ON_BOUNDARY,ON_BOUNDARY
T2 (Scaled ×1.5),ON_BOUNDARY,19.16874038535014,72.94168018159878,0.4737614660,-0.0000625013,0.5263010353,0.4737615295,-0.0000625013,0.5263011059,0.0000000635,0.0000000000,0.0000000706,ON_BOUNDARY,ON_BOUNDARY
T2 (Scaled ×1.5),ON_BOUNDARY,19.179477281955393,72.97750447773038,0.0001898206,0.8393217056,0.1604884738,0.0001898206,0.8393218181,0.1604884953,0.0000000000,0.0000001125,0.0000000215,ON_BOUNDARY,ON_BOUNDARY
T2 (Scaled ×1.5),ON_BOUNDARY,19.178594143624274,72.97643021619886,0.0001438422,0.8086062389,0.1912499190,0.0001438422,0.8086063473,0.1912499446,0.0000000000,0.0000001084,0.0000000256,ON_BOUNDARY,ON_BOUNDARY
T2 (Scaled ×1.5),ON_BOUNDARY,19.170238208485724,72.96624222061455,0.0002028977,0.5175020455,0.4822950568,0.0002028978,0.5175021149,0.4822951215,0.0000000001,0.0000000694,0.0000000647,ON_BOUNDARY,ON_BOUNDARY
T2 (Scaled ×1.5),ON_BOUNDARY,19.156626418034552,72.94753739075514,0.0442180143,0.0001325935,0.9556493921,0.0442180203,0.0001325935,0.9556495203,0.0000000060,0.0000000000,0.0000001282,ON_BOUNDARY,ON_BOUNDARY
T2 (Scaled ×1.5),ON_BOUNDARY,19.183618736786816,72.936702415749,0.9551694508,0.0450585417,-0.0002279925,0.9551695789,0.0450585478,-0.0002279925,0.0000001281,0.0000000061,0.0000000000,ON_BOUNDARY,ON_BOUNDARY
T2 (Scaled ×1.5),ON_BOUNDARY,19.156870860834022,72.94996723492967,-0.0001855864,0.0522848190,0.9479007674,-0.0001855864,0.0522848261,0.9479008945,0.0000000000,0.0000000071,0.0000001271,ON_BOUNDARY,ON_BOUNDARY
T2 (Scaled ×1.5),ON_BOUNDARY,19.181396605368246,72.93556621728148,0.9224193286,-0.0001552068,0.0777358782,0.9224194523,-0.0001552069,0.0777358887,0.0000001237,0.0000000001,0.0000000105,ON_BOUNDARY,ON_BOUNDARY
T2 (Scaled ×1.5),ON_BOUNDARY,19.183686119179274,72.94312861104369,0.8230335296,0.1772632581,-0.0002967878,0.8230336400,0.1772632819,-0.0002967878,0.0000001104,0.0000000238,0.0000000000,ON_BOUNDARY,ON_BOUNDARY
T2 (Scaled ×1.5),ON_BOUNDARY,19.15954151795249,72.94611596863892,0.1478319777,-0.0001588749,0.8523268972,0.1478319975,-0.0001588749,0.8523270115,0.0000000198,0.0000000000,0.0000001143,ON_BOUNDARY,ON_BOUNDARY
T2 (Scaled ×1.5),ON_BOUNDARY,19.16211474273899,72.95636174297721,-0.0002412147,0.2349895023,0.7652517124,-0.0002412147,0.2349895338,0.7652518150,0.0000000000,0.0000000315,0.0000001026,ON_BOUNDARY,ON_BOUNDARY
T2 (Scaled ×1.5),ON_BOUNDARY,19.183659179176864,72.94063871278873,0.8742098868,0.1260309029,-0.0002407896,0.8742100040,0.1260309198,-0.0002407897,0.0000001172,0.0000000169,0.0000000001,ON_BOUNDARY,ON_BOUNDARY
T2 (Scaled ×1.5),ON_BOUNDARY,19.158186588978374,72.95155263545938,0.0001967785,0.0977372648,0.9020659567,0.0001967785,0.0977372779,0.9020660777,0.0000000000,0.0000000131,0.0000001210,ON_BOUNDARY,ON_BOUNDARY
T2 (Scaled ×1.5),ON_BOUNDARY,19.16947441254566,72.94133084242627,0.4996729890,0.0000396782,0.5002873328,0.4996730561,0.0000396782,0.5002873999,0.0000000671,0.0000000000,0.0000000671,ON_BOUNDARY,ON_BOUNDARY
T2 (Scaled ×1.5),ON_BOUNDARY,19.177307732538885,72.97487533082527,-0.0001298034,0.7640680927,0.2360617107,-0.0001298034,0.7640681952,0.2360617423,0.0000000000,0.0000001025,0.0000000316,ON_BOUNDARY,ON_BOUNDARY
T2 (Scaled ×1.5),ON_BOUNDARY,19.181738216369066,72.98025888544221,0.0002205475,0.9180422717,0.0817371808,0.0002205475,0.9180423948,0.0817371917,0.0000000000,0.0000001231,0.0000000109,ON_BOUNDARY,ON_BOUNDARY
T2 (Scaled ×1.5),ON_BOUNDARY,19.166450011212458,72.96162070076205,0.0002869591,0.3854724716,0.6142405692,0.0002869592,0.3854725233,0.6142406516,0.0000000001,0.0000000517,0.0000000824,ON_BOUNDARY,ON_BOUNDARY
T2 (Scaled ×1.5),ON_BOUNDARY,19.156262717875492,72.94770254039746,0.0315446581,-0.0000806218,0.9685359637,0.0315446623,-0.0000806218,0.9685360936,0.0000000042,0.0000000000,0.0000001299,ON_BOUNDARY,ON_BOUNDARY
T2 (Scaled ×1.5),ON_BOUNDARY,19.183844068027224,72.95995472903624,0.4765843610,0.5232406925,0.0001749465,0.4765844249,0.5232407627,0.0001749465,0.0000000639,0.0000000702,0.0000000000,ON_BOUNDARY,ON_BOUNDARY
T2 (Scaled ×1.5),ON_BOUNDARY,19.176248845543416,72.97357384300997,0.0000950672,0.7269649329,0.2729399999,0.0000950672,0.7269650303,0.2729400365,0.0000000000,0.0000000974,0.0000000366,ON_BOUNDARY,ON_BOUNDARY
T2 (Scaled ×1.5),ON_BOUNDARY,19.16250626768479,72.94470105385116,0.2525709076,0.0001734423,0.7472556502,0.2525709414,0.0001734423,0.7472557504,0.0000000338,0.0000000000,0.0000001002,ON_BOUNDARY,ON_BOUNDARY
T2 (Scaled ×1.5),ON_BOUNDARY,19.183942530654395,72.9691298714936,0.2879816504,0.7120211908,-0.0000028412,0.2879816890,0.7120212863,-0.0000028412,0.0000000386,0.0000000955,0.0000000000,ON_BOUNDARY,ON_BOUNDARY
T2 (Scaled ×1.5),ON_BOUNDARY,19.18204301246527,72.93526976935942,0.9450047299,0.0001638457,0.0548314244,0.9450048567,0.0001638457,0.0548314317,0.0000001268,0.0000000000,0.0000000073,ON_BOUNDARY,ON_BOUNDARY
T2 (Scaled ×1.5),ON_BOUNDARY,19.170781038201614,72.9669199168058,-0.0001310598,0.5367375846,0.4633934752,-0.0001310598,0.5367376565,0.4633935373,0.0000000000,0.0000000719,0.0000000621,ON_BOUNDARY,ON_BOUNDARY
T2 (Scaled ×1.5),ON_BOUNDARY,19.183874755396214,72.9625468166154,0.4233747134,0.5766018063,0.0000234803,0.4233747701,0.5766018836,0.0000234803,0.0000000567,0.0000000773,0.0000000000,ON_BOUNDARY,ON_BOUNDARY
T2 (Scaled ×1.5),ON_BOUNDARY,19.184028464564634,72.97782470814991,0.1090648077,0.8908464304,0.0000887619,0.1090648223,0.8908465498,0.0000887620,0.0000000146,0.0000001194,0.0000000001,ON_BOUNDARY,ON_BOUNDARY
T2 (Scaled ×1.5),ON_BOUNDARY,19.17757840858914,72.93741467654483,0.7869832079,-0.0000460684,0.2130628604,0.7869833135,-0.0000460684,0.2130628890,0.0000001056,0.0000000000,0.0000000286,ON_BOUNDARY,ON_BOUNDARY
T2 (Scaled ×1.5),OUTSIDE,19.147580422711165,72.95167600615173,-0.2716408023,-0.0045361216,1.2761769239,-0.2716408387,-0.0045361222,1.2761770951,0.0000000364,0.0000000006,0.0000001712,OUTSIDE,OUTSIDE
T2 (Scaled ×1.5),OUTSIDE,19.164815765205056,72.98750403960673,-0.5803085838,0.8991352106,0.6811733732,-0.5803086616,0.8991353312,0.6811734645,0.0000000778,0.0000001206,0.0000000913,OUTSIDE,OUTSIDE
T2 (Scaled ×1.5),OUTSIDE,19.161681540641855,72.97154795020742,-0.3275419212,0.5415582009,0.7859837203,-0.3275419651,0.5415582735,0.7859838257,0.0000000439,0.0000000726,0.0000001054,OUTSIDE,OUTSIDE
T2 (Scaled ×1.5),OUTSIDE,19.1590652193173,72.9826344456125,-0.6248774174,0.7426379536,0.8822394638,-0.6248775012,0.7426380532,0.8822395821,0.0000000838,0.0000000996,0.0000001183,OUTSIDE,OUTSIDE
T2 (Scaled ×1.5),OUTSIDE,19.15080729019455,72.99270159992427,-1.0442101995,0.8671083585,1.1771018410,-1.0442103395,0.8671084748,1.1771019988,0.0000001400,0.0000001163,0.0000001578,OUTSIDE,OUTSIDE
T2 (Scaled ×1.5),OUTSIDE,19.165521811199103,72.9626820069201,-0.0453832485,0.3980250629,0.6473581856,-0.0453832546,0.3980251163,0.6473582724,0.0000000061,0.0000000534,0.0000000868,OUTSIDE,OUTSIDE
T2 (Scaled ×1.5),OUTSIDE,19.15619858761393,72.96802883355588,-0.3934452666,0.4153481647,0.9780971018,-0.3934453193,0.4153482204,0.9780972330,0.0000000527,0.0000000557,0.0000001312,OUTSIDE,OUTSIDE
T2 (Scaled ×1.5),OUTSIDE,19.168985079870293,72.96595394701785,-0.0256071257,0.4992192589,0.5263878668,-0.0256071292,0.4992193259,0.5263879374,0.0000000035,0.0000000670,0.0000000706,OUTSIDE,OUTSIDE
T2 (Scaled ×1.5),OUTSIDE,19.19407517160459,72.9722941213901,0.4793219383,0.8769105927,-0.3562325310,0.4793220026,0.8769107103,-0.3562325787,0.0000000643,0.0000001176,0.0000000477,OUTSIDE,OUTSIDE
T2 (Scaled ×1.5),OUTSIDE,19.155113888690142,72.96690645723791,-0.3976062909,0.3816562239,1.0159500670,-0.3976063442,0.3816562751,1.0159502033,0.0000000533,0.0000000512,0.0000001363,OUTSIDE,OUTSIDE
T2 (Scaled ×1.5),OUTSIDE,19.166771869079508,72.98325716723153,-0.4421922097,0.8315333429,0.6106588667,-0.4421922690,0.8315334544,0.6106589486,0.0000000593,0.0000001115,0.0000000819,OUTSIDE,OUTSIDE
T2 (Scaled ×1.5),OUTSIDE,19.159465895550458,72.92906362938987,0.5010830399,-0.3499534107,0.8488703708,0.5010831071,-0.3499534576,0.8488704846,0.0000000672,0.0000000469,0.0000001138,OUTSIDE,OUTSIDE
T2 (Scaled ×1.5),OUTSIDE,19.158673345452232,72.97902414241989,-0.5596298426,0.6648659513,0.8947638913,-0.5596299176,0.6648660404,0.8947640113,0.0000000750,0.0000000891,0.0000001200,OUTSIDE,OUTSIDE
T2 (Scaled ×1.5),OUTSIDE,19.152544324699882,72.9878008041094,-0.8980354276,0.7839566105,1.1140788170,-0.8980355480,0.7839567157,1.1140789664,0.0000001204,0.0000001052,0.0000001494,OUTSIDE,OUTSIDE
T2 (Scaled ×1.5),OUTSIDE,19.164571495198935,72.97094295280984,-0.2415710704,0.5577298137,0.6838412567,-0.2415711028,0.5577298885,0.6838413484,0.0000000324,0.0000000748,0.0000000917,OUTSIDE,OUTSIDE
T2 (Scaled ×1.5),OUTSIDE,19.159000326528137,72.93604078996371,0.3439409561,-0.2117369400,0.8677959839,0.3439410022,-0.2117369684,0.8677961003,0.0000000461,0.0000000284,0.0000001164,OUTSIDE,OUTSIDE
T2 (Scaled ×1.5),OUTSIDE,19.183869253431467,72.93887619726077,0.9162533977,0.0920293910,-0.0082827887,0.9162535206,0.0920294033,-0.0082827898,0.0000001229,0.0000000123,0.0000000011,OUTSIDE,OUTSIDE
T2 (Scaled ×1.5),OUTSIDE,19.169587712593152,72.97604201032648,-0.2204246052,0.7116681584,0.5087564468,-0.2204246347,0.7116682539,0.5087565150,0.0000000295,0.0000000955,0.0000000682,OUTSIDE,OUTSIDE
T2 (Scaled ×1.5),OUTSIDE,19.188178850987363,72.93040468502778,1.2021119619,-0.0387926861,-0.1633192758,1.2021121231,-0.0387926913,-0.1633192977,0.0000001612,0.0000000052,0.0000000219,OUTSIDE,OUTSIDE
T2 (Scaled ×1.5),OUTSIDE,19.188307031314174,72.95273196748876,0.7403272215,0.4194949063,-0.1598221278,0.7403273208,0.4194949625,-0.1598221492,0.0000000993,0.0000000562,0.0000000214,OUTSIDE,OUTSIDE
T2 (Scaled ×1.5),OUTSIDE,19.153318279173217,72.96885345704442,-0.4837456574,0.4037674294,1.0799782280,-0.4837457223,0.4037674835,1.0799783729,0.0000000649,0.0000000541,0.0000001449,OUTSIDE,OUTSIDE
T2 (Scaled ×1.5),OUTSIDE,19.169948317921108,72.97724937482614,-0.2364169336,0.7399450262,0.4964719074,-0.2364169653,0.7399451254,0.4964719740,0.0000000317,0.0000000992,0.0000000666,OUTSIDE,OUTSIDE
T2 (Scaled ×1.5),OUTSIDE,19.16860822618394,72.964550112155,-0.0059351682,0.4667602562,0.5391749120,-0.0059351690,0.4667603188,0.5391749843,0.0000000008,0.0000000626,0.0000000723,OUTSIDE,OUTSIDE
T2 (Scaled ×1.5),OUTSIDE,19.14749738117744,72.96497908926753,-0.5508294349,0.2669464885,1.2838829465,-0.5508295088,0.2669465243,1.2838831186,0.0000000739,0.0000000358,0.0000001721,OUTSIDE,OUTSIDE
T2 (Scaled ×1.5),OUTSIDE,19.158942657836416,72.92850286602058,0.4994788867,-0.3666018443,0.8671229577,0.4994789537,-0.3666018935,0.8671230740,0.0000000670,0.0000000492,0.0000001163,OUTSIDE,OUTSIDE
T2 (Scaled ×1.5),OUTSIDE,19.163912239007004,72.98807979190339,-0.6152391223,0.9019927149,0.7132464075,-0.6152392049,0.9019928358,0.7132465031,0.0000000826,0.0000001209,0.0000000956,OUTSIDE,OUTSIDE
T2 (Scaled ×1.5),OUTSIDE,19.192615396926573,72.97117022986784,0.4656700982,0.8394815432,-0.3051516414,0.4656701606,0.8394816558,-0.3051516823,0.0000000624,0.0000001126,0.0000000409,OUTSIDE,OUTSIDE
T2 (Scaled ×1.5),OUTSIDE,19.16042401994768,72.982428644378,-0.5860938758,0.7518515728,0.8342423031,-0.5860939544,0.7518516736,0.8342424149,0.0000000786,0.0000001008,0.0000001118,OUTSIDE,OUTSIDE
T2 (Scaled ×1.5),OUTSIDE,19.18603429161238,72.98317159370399,0.0486220386,1.0201121837,-0.0687342223,0.0486220451,1.0201123205,-0.0687342315,0.0000000065,0.0000001368,0.0000000092,OUTSIDE,OUTSIDE
T2 (Scaled ×1.5),OUTSIDE,19.157460257327195,72.95468752546147,-0.0835376131,0.1547290519,0.9288085612,-0.0835376243,0.1547290727,0.9288086857,0.0000000112,0.0000000208,0.0000001245,OUTSIDE,OUTSIDE
T3 (Scaled ×2.0),INSIDE,19.181216060868316,72.97374928513598,0.1752442814,0.6680608934,0.1566948251,0.1752443050,0.6680609830,0.1566948461,0.0000000236,0.0000000896,0.0000000210,INSIDE,INSIDE
T3 (Scaled ×2.0),INSIDE,19.183908120235845,72.9574267577833,0.4814811922,0.4374294092,0.0810893986,0.4814812568,0.4374294679,0.0810894094,0.0000000646,0.0000000587,0.0000000108,INSIDE,INSIDE
T3 (Scaled ×2.0),INSIDE,19.159327337043525,72.95554295086433,0.0428682258,0.2263488608,0.7307829135,0.0428682315,0.2263488911,0.7307830115,0.0000000057,0.0000000303,0.0000000980,INSIDE,INSIDE
T3 (Scaled ×2.0),INSIDE,19.184481686343613,72.93520456045091,0.8395400764,0.1005273947,0.0599325289,0.8395401890,0.1005274082,0.0599325369,0.0000001126,0.0000000135,0.0000000080,INSIDE,INSIDE
T3 (Scaled ×2.0),INSIDE,19.163441875612293,72.95084621577962,0.1945814535,0.1847367119,0.6206818346,0.1945814796,0.1847367366,0.6206819178,0.0000000261,0.0000000247,0.0000000832,INSIDE,INSIDE
T3 (Scaled ×2.0),INSIDE,19.17719508532789,72.9344211275259,0.7130347836,0.0345014830,0.2524637334,0.7130348792,0.0345014876,0.2524637673,0.0000000956,0.0000000046,0.0000000339,INSIDE,INSIDE
T3 (Scaled ×2.0),INSIDE,19.17830789991989,72.96206964657755,0.3023203864,0.4672049892,0.2304746245,0.3023204269,0.4672050518,0.2304746554,0.0000000405,0.0000000626,0.0000000309,INSIDE,INSIDE
T3 (Scaled ×2.0),INSIDE,19.18326518412482,72.93332501300397,0.8457375855,0.0626576844,0.0916047301,0.8457376989,0.0626576928,0.0916047424,0.0000001134,0.0000000084,0.0000000123,INSIDE,INSIDE
T3 (Scaled ×2.0),INSIDE,19.161369272753795,72.96077259024759,0.0000552178,0.3217658166,0.6781789656,0.0000552178,0.3217658598,0.6781790565,0.0000000000,0.0000000432,0.0000000909,ON_BOUNDARY,ON_BOUNDARY
T3 (Scaled ×2.0),INSIDE,19.180026529999605,72.95062223926304,0.5138670380,0.3042019861,0.1819309758,0.5138671069,0.3042020269,0.1819310002,0.0000000689,0.0000000408,0.0000000244,INSIDE,INSIDE
T3 (Scaled ×2.0),INSIDE,19.18487454128285,72.97546363057536,0.2181248986,0.7214911859,0.0603839155,0.2181249279,0.7214912827,0.0603839236,0.0000000293,0.0000000968,0.0000000081,INSIDE,INSIDE
T3 (Scaled ×2.0),INSIDE,19.180268997270865,72.95936591448965,0.3818970249,0.4402307000,0.1778722751,0.3818970761,0.4402307590,0.1778722990,0.0000000512,0.0000000590,0.0000000239,INSIDE,INSIDE
T3 (Scaled ×2.0),INSIDE,19.174106442920074,72.9717937842327,0.0704180291,0.5853530999,0.3442288710,0.0704180386,0.5853531784,0.3442289171,0.0000000095,0.0000000785,0.0000000461,INSIDE,INSIDE
T3 (Scaled ×2.0),INSIDE,19.16802385897448,72.94210997720923,0.4182971949,0.0845746736,0.4971281316,0.4182972510,0.0845746849,0.4971281983,0.0000000561,0.0000000113,0.0000000667,INSIDE,INSIDE
T3 (Scaled ×2.0),INSIDE,19.183372615569514,72.9723445169085,0.2382512139,0.6624766171,0.0992721690,0.2382512459,0.6624767059,0.0992721823,0.0000000320,0.0000000888,0.0000000133,INSIDE,INSIDE
T3 (Scaled ×2.0),INSIDE,19.179819989702594,72.94751257192962,0.5585110985,0.2549321363,0.1865567652,0.5585111734,0.2549321705,0.1865567902,0.0000000749,0.0000000342,0.0000000250,INSIDE,INSIDE
T3 (Scaled ×2.0),INSIDE,19.159779755841544,72.95352553361033,0.0829971920,0.1987304461,0.7182723619,0.0829972031,0.1987304728,0.7182724582,0.0000000111,0.0000000267,0.0000000963,INSIDE,INSIDE
T3 (Scaled ×2.0),INSIDE,19.184902112149285,72.97814814328487,0.1767145293,0.7629078255,0.0603776453,0.1767145530,0.7629079278,0.0603776534,0.0000000237,0.0000001023,0.0000000081,INSIDE,INSIDE
T3 (Scaled ×2.0),INSIDE,19.182430902667168,72.9793481918058,0.1109142556,0.7630174601,0.1260682843,0.1109142705,0.7630175624,0.1260683012,0.0000000149,0.0000001023,0.0000000169,INSIDE,INSIDE
T3 (Scaled ×2.0),INSIDE,19.168029197727353,72.95057168345727,0.2862167379,0.2145173471,0.4992659150,0.2862167763,0.2145173759,0.4992659819,0.0000000384,0.0000000288,0.0000000669,INSIDE,INSIDE
T3 (Scaled ×2.0),INSIDE,19.176215331872115,72.97380393622738,0.0791721681,0.6318410373,0.2889867946,0.0791721787,0.6318411220,0.2889868333,0.0000000106,0.0000000847,0.0000000387,INSIDE,INSIDE
T3 (Scaled ×2.0),INSIDE,19.18000221381452,72.9742747872252,0.1439225573,0.6671328947,0.1889445480,0.1439225766,0.6671329842,0.1889445733,0.0000000193,0.0000000895,0.0000000253,INSIDE,INSIDE
T3 (Scaled ×2.0),INSIDE,19.182596104191507,72.96983257540911,0.2627053079,0.6181591042,0.1191355879,0.2627053431,0.6181591871,0.1191356039,0.0000000352,0.0000000829,0.0000000160,INSIDE,INSIDE
T3 (Scaled ×2.0),INSIDE,19.179686218400146,72.96423578414318,0.2947271199,0.5106735671,0.1945993130,0.2947271594,0.5106736356,0.1945993391,0.0000000395,0.0000000685,0.0000000261,INSIDE,INSIDE
T3 (Scaled ×2.0),INSIDE,19.180912555160244,72.96330546130977,0.3326104502,0.5054793632,0.1619101866,0.3326104948,0.5054794310,0.1619102083,0.0000000446,0.0000000678,0.0000000217,INSIDE,INSIDE
T3 (Scaled ×2.0),INSIDE,19.180175467365707,72.95663435258848,0.4227864400,0.3976029648,0.1796105952,0.4227864967,0.3976030181,0.1796106193,0.0000000567,0.0000000533,0.0000000241,INSIDE,INSIDE
T3 (Scaled ×2.0),INSIDE,19.185363488467747,72.94872714274265,0.6450912534,0.3146592350,0.0402495116,0.6450913399,0.3146592772,0.0402495170,0.0000000865,0.0000000422,0.0000000054,INSIDE,INSIDE
T3 (Scaled ×2.0),INSIDE,19.17636050784452,72.97671747201572,0.0364234880,0.6776451470,0.2859313650,0.0364234929,0.6776452379,0.2859314034,0.0000000049,0.0000000909,0.0000000384,INSIDE,INSIDE
T3 (Scaled ×2.0),INSIDE,19.184992314357203,72.95842355752167,0.4865540070,0.4607667872,0.0526792058,0.4865540723,0.4607668490,0.0526792129,0.0000000653,0.0000000618,0.0000000071,INSIDE,INSIDE
T3 (Scaled ×2.0),INSIDE,19.18318122167646,72.96292638313935,0.3817295706,0.5164721848,0.1017982447,0.3817296217,0.5164722540,0.1017982583,0.0000000511,0.0000000692,0.0000000136,INSIDE,INSIDE
T3 (Scaled ×2.0),ON_BOUNDARY,19.169801673206432,72.97106036743203,-0.0000918148,0.5421924577,0.4578993571,-0.0000918148,0.5421925304,0.4578994185,0.0000000000,0.0000000727,0.0000000614,ON_BOUNDARY,ON_BOUNDARY
T3 (Scaled ×2.0),ON_BOUNDARY,19.150349931364413,72.94734886010598,-0.0000680540,0.0340253803,0.9660426738,-0.0000680541,0.0340253849,0.9660428033,0.0000000001,0.0000000046,0.0000001295,ON_BOUNDARY,ON_BOUNDARY
T3 (Scaled ×2.0),ON_BOUNDARY,19.187161167770554,72.97575212585875,0.2571576862,0.7428656117,-0.0000232979,0.2571577207,0.7428657113,-0.0000232979,0.0000000345,0.0000000996,0.0000000000,ON_BOUNDARY,ON_BOUNDARY
T3 (Scaled ×2.0),ON_BOUNDARY,19.187308119415835,72.98963372576449,0.0431083559,0.9570632985,-0.0001716544,0.0431083617,0.9570634268,-0.0001716544,0.0000000058,0.0000001283,0.0000000000,ON_BOUNDARY,ON_BOUNDARY
T3 (Scaled ×2.0),ON_BOUNDARY,19.187114807671,72.97042612846032,0.3394734853,0.6607579716,-0.0002314569,0.3394735309,0.6607580602,-0.0002314570,0.0000000456,0.0000000886,0.0000000001,ON_BOUNDARY,ON_BOUNDARY
T3 (Scaled ×2.0),ON_BOUNDARY,19.187132038928574,72.97300709707409,0.2994837248,0.7005083908,0.0000078844,0.2994837650,0.7005084848,0.0000078844,0.0000000402,0.0000000940,0.0000000000,ON_BOUNDARY,ON_BOUNDARY
T3 (Scaled ×2.0),ON_BOUNDARY,19.183615100201475,72.98790341197187,-0.0001804662,0.9031319054,0.0970485608,-0.0001804662,0.9031320265,0.0970485738,0.0000000000,0.0000001211,0.0000000130,ON_BOUNDARY,ON_BOUNDARY
T3 (Scaled ×2.0),ON_BOUNDARY,19.16675137932148,72.93720493722653,0.4706907049,-0.0001568704,0.5294661654,0.4706907681,-0.0001568704,0.5294662365,0.0000000632,0.0000000000,0.0000000711,ON_BOUNDARY,ON_BOUNDARY
T3 (Scaled ×2.0),ON_BOUNDARY,19.17841988769863,72.98155093291966,0.0001314205,0.7671092910,0.2327592885,0.0001314205,0.7671093938,0.2327593197,0.0000000000,0.0000001028,0.0000000312,ON_BOUNDARY,ON_BOUNDARY
T3 (Scaled ×2.0),ON_BOUNDARY,19.186954735066045,72.9563333192026,0.5565723269,0.4432205885,0.0002070846,0.5565724016,0.4432206479,0.0002070846,0.0000000747,0.0000000594,0.0000000000,ON_BOUNDARY,ON_BOUNDARY
T3 (Scaled ×2.0),ON_BOUNDARY,19.1867557168196,72.93590258934282,0.8719356130,0.1280955867,-0.0000311997,0.8719357299,0.1280956039,-0.0000311997,0.0000001169,0.0000000172,0.0000000000,ON_BOUNDARY,ON_BOUNDARY
T3 (Scaled ×2.0),ON_BOUNDARY,19.183264613065834,72.92923924155649,0.9095514161,-0.0000708257,0.0905194096,0.9095515381,-0.0000708257,0.0905194217,0.0000001220,0.0000000000,0.0000000121,ON_BOUNDARY,ON_BOUNDARY
T3 (Scaled ×2.0),ON_BOUNDARY,19.1867114108715,72.93135421024664,0.9421431843,0.0579410731,-0.0000842574,0.9421433106,0.0579410809,-0.0000842574,0.0000001263,0.0000000078,0.0000000000,ON_BOUNDARY,ON_BOUNDARY
T3 (Scaled ×2.0),ON_BOUNDARY,19.15376634693925,72.94347978445367,0.1254232375,-0.0000542125,0.8746309750,0.1254232543,-0.0000542125,0.8746310923,0.0000000168,0.0000000000,0.0000001173,ON_BOUNDARY,ON_BOUNDARY
T3 (Scaled ×2.0),ON_BOUNDARY,19.1623153963134,72.96192812457824,0.0000194176,0.3465168710,0.6534637114,0.0000194176,0.3465169175,0.6534637990,0.0000000000,0.0000000465,0.0000000876,ON_BOUNDARY,ON_BOUNDARY
T3 (Scaled ×2.0),ON_BOUNDARY,19.1692529692854,72.9703724717241,0.0002061320,0.5275656897,0.4722281784,0.0002061320,0.5275657604,0.4722282417,0.0000000000,0.0000000707,0.0000000633,ON_BOUNDARY,ON_BOUNDARY
T3 (Scaled ×2.0),ON_BOUNDARY,19.179696868362875,72.93097353508647,0.8145265665,0.0001143921,0.1853590414,0.8145266758,0.0001143921,0.1853590662,0.0000001093,0.0000000000,0.0000000248,ON_BOUNDARY,ON_BOUNDARY
T3 (Scaled ×2.0),ON_BOUNDARY,19.186692164633474,72.92889958713788,0.9801209078,0.0201153627,-0.0002362704,0.9801210392,0.0201153654,-0.0002362705,0.0000001314,0.0000000027,0.0000000001,ON_BOUNDARY,ON_BOUNDARY
T3 (Scaled ×2.0),ON_BOUNDARY,19.187077118851178,72.99211045958354,0.0000203111,0.9933739484,0.0066057404,0.0000203111,0.9933740817,0.0066057413,0.0000000000,0.0000001333,0.0000000009,ON_BOUNDARY,ON_BOUNDARY
T3 (Scaled ×2.0),ON_BOUNDARY,19.155724180294566,72.95389422655934,0.0000159395,0.1743359627,0.8256480978,0.0000159395,0.1743359861,0.8256482086,0.0000000000,0.0000000234,0.0000001108,ON_BOUNDARY,ON_BOUNDARY
T3 (Scaled ×2.0),ON_BOUNDARY,19.185188263457718,72.92831411844173,0.9606310019,-0.0000176289,0.0393866270,0.9606311307,-0.0000176289,0.0393866323,0.0000001288,0.0000000000,0.0000000053,ON_BOUNDARY,ON_BOUNDARY
T3 (Scaled ×2.0),ON_BOUNDARY,19.179567852580007,72.93103831611778,0.8110580313,0.0001528068,0.1887891619,0.8110581400,0.0001528068,0.1887891873,0.0000001087,0.0000000000,0.0000000254,ON_BOUNDARY,ON_BOUNDARY
T3 (Scaled ×2.0),ON_BOUNDARY,19.187126721780405,72.97208355857062,0.3138092727,0.6862909336,-0.0001002064,0.3138093148,0.6862910257,-0.0001002064,0.0000000421,0.0000000921,0.0000000000,ON_BOUNDARY,ON_BOUNDARY
T3 (Scaled ×2.0),ON_BOUNDARY,19.157600781001054,72.95619504768172,-0.0001935038,0.2235648018,0.7766287020,-0.0001935038,0.2235648318,0.7766288061,0.0000000000,0.0000000300,0.0000001041,ON_BOUNDARY,ON_BOUNDARY
T3 (Scaled ×2.0),ON_BOUNDARY,19.18709476974208,72.97000027749526,0.3457442535,0.6540718632,0.0001838832,0.3457442999,0.6540719510,0.0001838833,0.0000000464,0.0000000878,0.0000000001,ON_BOUNDARY,ON_BOUNDARY
T3 (Scaled ×2.0),ON_BOUNDARY,19.186907546774016,72.95159721121331,0.6296575687,0.3701627231,0.0001797082,0.6296576531,0.3701627728,0.0001797082,0.0000000844,0.0000000497,0.0000000000,ON_BOUNDARY,ON_BOUNDARY
T3 (Scaled ×2.0),ON_BOUNDARY,19.187201609317597,72.9797407870292,0.1956200060,0.8043987642,-0.0000187702,0.1956200322,0.8043988721,-0.0000187702,0.0000000262,0.0000001079,0.0000000000,ON_BOUNDARY,ON_BOUNDARY
T3 (Scaled ×2.0),ON_BOUNDARY,19.18678010725289,72.9391887349921,0.8210664493,0.1787248545,0.0002086962,0.8210665594,0.1787248785,0.0002086962,0.0000001101,0.0000000240,0.0000000000,ON_BOUNDARY,ON_BOUNDARY
T3 (Scaled ×2.0),ON_BOUNDARY,19.168835602568233,72.93620251618171,0.5260352303,-0.0001003865,0.4740651562,0.5260353009,-0.0001003865,0.4740652198,0.0000000706,0.0000000000,0.0000000636,ON_BOUNDARY,ON_BOUNDARY
T3 (Scaled ×2.0),ON_BOUNDARY,19.18674377883407,72.9343189125617,0.8964472545,0.1036947000,-0.0001419546,0.8964473748,0.1036947140,-0.0001419546,0.0000001203,0.0000000140,0.0000000000,ON_BOUNDARY,ON_BOUNDARY
T3 (Scaled ×2.0),OUTSIDE,19.176088506707476,72.98726971994967,-0.1335945670,0.8376262883,0.2959682787,-0.1335945849,0.8376264007,0.2959683183,0.0000000179,0.0000001124,0.0000000396,OUTSIDE,OUTSIDE
T3 (Scaled ×2.0),OUTSIDE,19.193810318435943,72.9870112605351,0.2078821851,0.9649893060,-0.1728714911,0.2078822130,0.9649894354,-0.1728715143,0.0000000279,0.0000001294,0.0000000232,OUTSIDE,OUTSIDE
T3 (Scaled ×2.0),OUTSIDE,19.142416149999107,72.97181043206143,-0.5332538318,0.3507617333,1.1824920985,-0.5332539033,0.3507617803,1.1824922571,0.0000000715,0.0000000470,0.0000001586,OUTSIDE,OUTSIDE
T3 (Scaled ×2.0),OUTSIDE,19.151623379404143,72.98481762718811,-0.5611280269,0.6186785731,0.9424494539,-0.5611281022,0.6186786560,0.9424495802,0.0000000753,0.0000000829,0.0000001263,OUTSIDE,OUTSIDE
T3 (Scaled ×2.0),OUTSIDE,19.148955764250324,72.92661732923935,0.2972373945,-0.2945743608,0.9973369663,0.2972374344,-0.2945744003,0.9973371000,0.0000000399,0.0000000395,0.0000001337,OUTSIDE,OUTSIDE
T3 (Scaled ×2.0),OUTSIDE,19.14726926518017,72.97397490316521,-0.4746577983,0.4199553697,1.0547024286,-0.4746578619,0.4199554260,1.0547025700,0.0000000636,0.0000000563,0.0000001414,OUTSIDE,OUTSIDE
T3 (Scaled ×2.0),OUTSIDE,19.196222672378656,72.98871835330367,0.2271487242,1.0090735991,-0.2362223233,0.2271487547,1.0090737344,-0.2362223550,0.0000000305,0.0000001353,0.0000000317,OUTSIDE,OUTSIDE
T3 (Scaled ×2.0),OUTSIDE,19.19611392905867,72.9376204026291,1.0232901005,0.2238180637,-0.2471081642,1.0232902377,0.2238180937,-0.2471081973,0.0000001372,0.0000000300,0.0000000331,OUTSIDE,OUTSIDE
T3 (Scaled ×2.0),OUTSIDE,19.161400551324295,72.91993756277157,0.6385434329,-0.3048968814,0.6663534485,0.6385435185,-0.3048969223,0.6663535379,0.0000000856,0.0000000409,0.0000000894,OUTSIDE,OUTSIDE
T3 (Scaled ×2.0),OUTSIDE,19.149321660064935,72.9949387731021,-0.7630594135,0.7569998747,1.0060595389,-0.7630595159,0.7569999762,1.0060596738,0.0000001024,0.0000001015,0.0000001349,OUTSIDE,OUTSIDE
T3 (Scaled ×2.0),OUTSIDE,19.183235432087585,72.98883948018751,-0.0220322105,0.9146887108,0.1073434998,-0.0220322135,0.9146888334,0.1073435142,0.0000000030,0.0000001226,0.0000000144,OUTSIDE,OUTSIDE
T3 (Scaled ×2.0),OUTSIDE,19.188050456254803,72.928667967089,1.0096021931,0.0266254376,-0.0362276307,1.0096023285,0.0266254411,-0.0362276355,0.0000001354,0.0000000035,0.0000000048,OUTSIDE,OUTSIDE
T3 (Scaled ×2.0),OUTSIDE,19.19625948487926,72.96286537127335,0.6317045943,0.6124544943,-0.2441590886,0.6317046790,0.6124545765,-0.2441591213,0.0000000847,0.0000000822,0.0000000327,OUTSIDE,OUTSIDE
T3 (Scaled ×2.0),OUTSIDE,19.19672764010785,72.99700628516544,0.1072962208,1.1400511045,-0.2473473253,0.1072962352,1.1400512574,-0.2473473585,0.0000000144,0.0000001529,0.0000000332,OUTSIDE,OUTSIDE
T3 (Scaled ×2.0),OUTSIDE,19.167632439551888,72.98829013754623,-0.3105458838,0.7906263244,0.5199195593,-0.3105459254,0.7906264304,0.5199196291,0.0000000416,0.0000001060,0.0000000698,OUTSIDE,OUTSIDE
T3 (Scaled ×2.0),OUTSIDE,19.14646381662414,72.97909733605192,-0.5700128791,0.4926254215,1.0773874576,-0.5700129555,0.4926254876,1.0773876021,0.0000000764,0.0000000661,0.0000001445,OUTSIDE,OUTSIDE
T3 (Scaled ×2.0),OUTSIDE,19.150183628253266,72.98840825950678,-0.6446322199,0.6631319844,0.9815002354,-0.6446323063,0.6631320734,0.9815003670,0.0000000864,0.0000000890,0.0000001316,OUTSIDE,OUTSIDE
T3 (Scaled ×2.0),OUTSIDE,19.166116305640646,72.97795752906556,-0.1780065698,0.6207657471,0.5572408228,-0.1780065937,0.6207658303,0.5572408975,0.0000000239,0.0000000832,0.0000000747,OUTSIDE,OUTSIDE
T3 (Scaled ×2.0),OUTSIDE,19.19477734587944,72.96944981219364,0.5006263780,0.7025543767,-0.2031807547,0.5006264451,0.7025544709,-0.2031807819,0.0000000671,0.0000000942,0.0000000272,OUTSIDE,OUTSIDE
T3 (Scaled ×2.0),OUTSIDE,19.141869329250696,72.95514364683137,-0.2833103985,0.0908429060,1.1924674925,-0.2833104365,0.0908429182,1.1924676524,0.0000000380,0.0000000122,0.0000001599,OUTSIDE,OUTSIDE
T3 (Scaled ×2.0),OUTSIDE,19.19696180644241,72.9472380279269,0.8891954829,0.3777500621,-0.2669455450,0.8891956021,0.3777501127,-0.2669455808,0.0000001192,0.0000000506,0.0000000358,OUTSIDE,OUTSIDE
T3 (Scaled ×2.0),OUTSIDE,19.16515475494192,72.98955573023788,-0.3774933291,0.7916942002,0.5857991289,-0.3774933797,0.7916943064,0.5857992075,0.0000000506,0.0000001062,0.0000000786,OUTSIDE,OUTSIDE
T3 (Scaled ×2.0),OUTSIDE,19.189400221021643,72.98330968944788,0.1817329755,0.8754813606,-0.0572143361,0.1817329999,0.8754814780,-0.0572143438,0.0000000244,0.0000001174,0.0000000077,OUTSIDE,OUTSIDE
T3 (Scaled ×2.0),OUTSIDE,19.19481537583955,72.93556464966993,1.0306778281,0.1826352128,-0.2133130409,1.0306779663,0.1826352373,-0.2133130695,0.0000001382,0.0000000245,0.0000000286,OUTSIDE,OUTSIDE
T3 (Scaled ×2.0),OUTSIDE,19.195253179271866,72.93140033737309,1.1040656084,0.1219496104,-0.2260152187,1.1040657564,0.1219496267,-0.2260152491,0.0000001480,0.0000000163,0.0000000304,OUTSIDE,OUTSIDE
T3 (Scaled ×2.0),OUTSIDE,19.197164667417447,72.93782380996831,1.0401196386,0.2347274455,-0.2748470841,1.0401197781,0.2347274769,-0.2748471209,0.0000001395,0.0000000314,0.0000000368,OUTSIDE,OUTSIDE
T3 (Scaled ×2.0),OUTSIDE,19.145744875350168,72.95095550707444,-0.1440926789,0.0552675531,1.0888251259,-0.1440926982,0.0552675605,1.0888252719,0.0000000193,0.0000000074,0.0000001460,OUTSIDE,OUTSIDE
T3 (Scaled ×2.0),OUTSIDE,19.165226201039516,72.9228027124975,0.6666301462,-0.2325607383,0.5659305921,0.6666302356,-0.2325607695,0.5659306680,0.0000000894,0.0000000312,0.0000000759,OUTSIDE,OUTSIDE
T3 (Scaled ×2.0),OUTSIDE,19.193903580719514,73.00217020486521,-0.0271431079,1.1983987575,-0.1712556496,-0.0271431115,1.1983989182,-0.1712556726,0.0000000036,0.0000001607,0.0000000230,OUTSIDE,OUTSIDE
T3 (Scaled ×2.0),OUTSIDE,19.148207711071926,72.9565257041635,-0.1842112948,0.1590318699,1.0251794248,-0.1842113195,0.1590318913,1.0251795623,0.0000000247,0.0000000214,0.0000001375,OUTSIDE,OUTSIDE
